Datetime,VIX
2026-04-27 02:15:00-05:00,19.209999084472656
2026-04-27 02:30:00-05:00,19.18000030517578
2026-04-27 02:45:00-05:00,19.149999618530273
2026-04-27 03:00:00-05:00,19.239999771118164
2026-04-27 03:15:00-05:00,19.15999984741211
2026-04-27 03:30:00-05:00,19.1299991607666
2026-04-27 03:45:00-05:00,19.09000015258789
2026-04-27 04:00:00-05:00,19.049999237060547
2026-04-27 04:15:00-05:00,19.040000915527344
2026-04-27 04:30:00-05:00,19.06999969482422
2026-04-27 04:45:00-05:00,19.059999465942383
2026-04-27 05:00:00-05:00,19.079999923706055
2026-04-27 05:15:00-05:00,19.040000915527344
2026-04-27 05:30:00-05:00,18.979999542236328
2026-04-27 05:45:00-05:00,18.979999542236328
2026-04-27 06:00:00-05:00,18.959999084472656
2026-04-27 06:15:00-05:00,18.940000534057617
2026-04-27 06:30:00-05:00,18.950000762939453
2026-04-27 06:45:00-05:00,18.959999084472656
2026-04-27 07:00:00-05:00,18.959999084472656
2026-04-27 07:15:00-05:00,19.049999237060547
2026-04-27 07:30:00-05:00,19.0
2026-04-27 07:45:00-05:00,19.020000457763672
2026-04-27 08:00:00-05:00,19.059999465942383
2026-04-27 08:15:00-05:00,19.06999969482422
2026-04-27 08:30:00-05:00,19.100000381469727
2026-04-27 08:45:00-05:00,18.889999389648438
2026-04-27 09:00:00-05:00,18.81999969482422
2026-04-27 09:15:00-05:00,18.780000686645508
2026-04-27 09:30:00-05:00,18.649999618530273
2026-04-27 09:45:00-05:00,18.600000381469727
2026-04-27 10:00:00-05:00,18.75
2026-04-27 10:15:00-05:00,18.729999542236328
2026-04-27 10:30:00-05:00,18.690000534057617
2026-04-27 10:45:00-05:00,18.6200008392334
2026-04-27 11:00:00-05:00,18.530000686645508
2026-04-27 11:15:00-05:00,18.559999465942383
2026-04-27 11:30:00-05:00,18.510000228881836
2026-04-27 11:45:00-05:00,18.540000915527344
2026-04-27 12:00:00-05:00,18.5
2026-04-27 12:15:00-05:00,18.469999313354492
2026-04-27 12:30:00-05:00,18.530000686645508
2026-04-27 12:45:00-05:00,18.520000457763672
2026-04-27 13:00:00-05:00,18.510000228881836
2026-04-27 13:15:00-05:00,18.559999465942383
2026-04-27 13:30:00-05:00,18.559999465942383
2026-04-27 13:45:00-05:00,18.520000457763672
2026-04-27 14:00:00-05:00,18.469999313354492
2026-04-27 14:15:00-05:00,18.329999923706055
2026-04-27 14:30:00-05:00,18.209999084472656
2026-04-27 14:45:00-05:00,18.170000076293945
2026-04-27 15:00:00-05:00,18.030000686645508
2026-04-28 02:15:00-05:00,18.34000015258789
2026-04-28 02:30:00-05:00,18.290000915527344
2026-04-28 02:45:00-05:00,18.299999237060547
2026-04-28 03:00:00-05:00,18.40999984741211
2026-04-28 03:15:00-05:00,18.280000686645508
2026-04-28 03:30:00-05:00,18.209999084472656
2026-04-28 03:45:00-05:00,18.209999084472656
2026-04-28 04:00:00-05:00,18.219999313354492
2026-04-28 04:15:00-05:00,18.260000228881836
2026-04-28 04:30:00-05:00,18.329999923706055
2026-04-28 04:45:00-05:00,18.31999969482422
2026-04-28 05:00:00-05:00,18.43000030517578
2026-04-28 05:15:00-05:00,18.389999389648438
2026-04-28 05:30:00-05:00,18.450000762939453
2026-04-28 05:45:00-05:00,18.420000076293945
2026-04-28 06:00:00-05:00,18.639999389648438
2026-04-28 06:15:00-05:00,18.860000610351562
2026-04-28 06:30:00-05:00,18.950000762939453
2026-04-28 06:45:00-05:00,19.209999084472656
2026-04-28 07:00:00-05:00,19.270000457763672
2026-04-28 07:15:00-05:00,19.3700008392334
2026-04-28 07:30:00-05:00,19.270000457763672
2026-04-28 07:45:00-05:00,18.979999542236328
2026-04-28 08:00:00-05:00,19.059999465942383
2026-04-28 08:15:00-05:00,18.979999542236328
2026-04-28 08:30:00-05:00,18.59000015258789
2026-04-28 08:45:00-05:00,18.68000030517578
2026-04-28 09:00:00-05:00,18.600000381469727
2026-04-28 09:15:00-05:00,18.510000228881836
2026-04-28 09:30:00-05:00,18.6200008392334
2026-04-28 09:45:00-05:00,18.530000686645508
2026-04-28 10:00:00-05:00,18.389999389648438
2026-04-28 10:15:00-05:00,18.549999237060547
2026-04-28 10:30:00-05:00,18.610000610351562
2026-04-28 10:45:00-05:00,18.610000610351562
2026-04-28 11:00:00-05:00,18.5
2026-04-28 11:15:00-05:00,18.5
2026-04-28 11:30:00-05:00,18.65999984741211
2026-04-28 11:45:00-05:00,18.520000457763672
2026-04-28 12:00:00-05:00,18.5
2026-04-28 12:15:00-05:00,18.450000762939453
2026-04-28 12:30:00-05:00,18.280000686645508
2026-04-28 12:45:00-05:00,18.270000457763672
2026-04-28 13:00:00-05:00,18.280000686645508
2026-04-28 13:15:00-05:00,18.170000076293945
2026-04-28 13:30:00-05:00,18.200000762939453
2026-04-28 13:45:00-05:00,18.15999984741211
2026-04-28 14:00:00-05:00,18.049999237060547
2026-04-28 14:15:00-05:00,18.079999923706055
2026-04-28 14:30:00-05:00,18.040000915527344
2026-04-28 14:45:00-05:00,17.809999465942383
2026-04-28 15:00:00-05:00,17.829999923706055
2026-04-29 02:15:00-05:00,17.84000015258789
2026-04-29 02:30:00-05:00,17.899999618530273
2026-04-29 02:45:00-05:00,17.920000076293945
2026-04-29 03:00:00-05:00,18.010000228881836
2026-04-29 03:15:00-05:00,17.90999984741211
2026-04-29 03:30:00-05:00,18.020000457763672
2026-04-29 03:45:00-05:00,18.059999465942383
2026-04-29 04:00:00-05:00,18.049999237060547
2026-04-29 04:15:00-05:00,17.969999313354492
2026-04-29 04:30:00-05:00,18.0
2026-04-29 04:45:00-05:00,18.06999969482422
2026-04-29 05:00:00-05:00,18.030000686645508
2026-04-29 05:15:00-05:00,17.940000534057617
2026-04-29 05:30:00-05:00,17.959999084472656
2026-04-29 05:45:00-05:00,17.940000534057617
2026-04-29 06:00:00-05:00,17.90999984741211
2026-04-29 06:15:00-05:00,17.950000762939453
2026-04-29 06:30:00-05:00,17.959999084472656
2026-04-29 06:45:00-05:00,17.979999542236328
2026-04-29 07:00:00-05:00,18.030000686645508
2026-04-29 07:15:00-05:00,18.020000457763672
2026-04-29 07:30:00-05:00,18.040000915527344
2026-04-29 07:45:00-05:00,18.059999465942383
2026-04-29 08:00:00-05:00,18.059999465942383
2026-04-29 08:15:00-05:00,18.170000076293945
2026-04-29 08:30:00-05:00,18.360000610351562
2026-04-29 08:45:00-05:00,18.139999389648438
2026-04-29 09:00:00-05:00,18.06999969482422
2026-04-29 09:15:00-05:00,17.979999542236328
2026-04-29 09:30:00-05:00,17.959999084472656
2026-04-29 09:45:00-05:00,18.06999969482422
2026-04-29 10:00:00-05:00,18.389999389648438
2026-04-29 10:15:00-05:00,18.18000030517578
2026-04-29 10:30:00-05:00,18.299999237060547
2026-04-29 10:45:00-05:00,18.5
2026-04-29 11:00:00-05:00,18.479999542236328
2026-04-29 11:15:00-05:00,18.670000076293945
2026-04-29 11:30:00-05:00,18.780000686645508
2026-04-29 11:45:00-05:00,18.81999969482422
2026-04-29 12:00:00-05:00,18.790000915527344
2026-04-29 12:15:00-05:00,18.65999984741211
2026-04-29 12:30:00-05:00,18.56999969482422
2026-04-29 12:45:00-05:00,18.479999542236328
2026-04-29 13:00:00-05:00,18.809999465942383
2026-04-29 13:15:00-05:00,18.739999771118164
2026-04-29 13:30:00-05:00,18.860000610351562
2026-04-29 13:45:00-05:00,18.5
2026-04-29 14:00:00-05:00,18.329999923706055
2026-04-29 14:15:00-05:00,18.34000015258789
2026-04-29 14:30:00-05:00,18.5
2026-04-29 14:45:00-05:00,18.360000610351562
2026-04-29 15:00:00-05:00,18.780000686645508
2026-04-30 02:15:00-05:00,18.579999923706055
2026-04-30 02:30:00-05:00,18.559999465942383
2026-04-30 02:45:00-05:00,18.610000610351562
2026-04-30 03:00:00-05:00,18.510000228881836
2026-04-30 03:15:00-05:00,18.520000457763672
2026-04-30 03:30:00-05:00,18.399999618530273
2026-04-30 03:45:00-05:00,18.459999084472656
2026-04-30 04:00:00-05:00,18.5
2026-04-30 04:15:00-05:00,18.399999618530273
2026-04-30 04:30:00-05:00,18.350000381469727
2026-04-30 04:45:00-05:00,18.360000610351562
2026-04-30 05:00:00-05:00,18.309999465942383
2026-04-30 05:15:00-05:00,18.170000076293945
2026-04-30 05:30:00-05:00,18.280000686645508
2026-04-30 05:45:00-05:00,18.190000534057617
2026-04-30 06:00:00-05:00,18.09000015258789
2026-04-30 06:15:00-05:00,17.93000030517578
2026-04-30 06:30:00-05:00,18.030000686645508
2026-04-30 06:45:00-05:00,18.040000915527344
2026-04-30 07:00:00-05:00,17.8799991607666
2026-04-30 07:15:00-05:00,17.829999923706055
2026-04-30 07:30:00-05:00,17.920000076293945
2026-04-30 07:45:00-05:00,17.780000686645508
2026-04-30 08:00:00-05:00,17.739999771118164
2026-04-30 08:15:00-05:00,17.739999771118164
2026-04-30 08:30:00-05:00,17.969999313354492
2026-04-30 08:45:00-05:00,18.079999923706055
2026-04-30 09:00:00-05:00,17.940000534057617
2026-04-30 09:15:00-05:00,17.729999542236328
2026-04-30 09:30:00-05:00,17.719999313354492
2026-04-30 09:45:00-05:00,17.43000030517578
2026-04-30 10:00:00-05:00,17.350000381469727
2026-04-30 10:15:00-05:00,17.31999969482422
2026-04-30 10:30:00-05:00,17.40999984741211
2026-04-30 10:45:00-05:00,17.3799991607666
2026-04-30 11:00:00-05:00,17.360000610351562
2026-04-30 11:15:00-05:00,17.43000030517578
2026-04-30 11:30:00-05:00,17.440000534057617
2026-04-30 11:45:00-05:00,17.459999084472656
2026-04-30 12:00:00-05:00,17.309999465942383
2026-04-30 12:15:00-05:00,17.3700008392334
2026-04-30 12:30:00-05:00,17.25
2026-04-30 12:45:00-05:00,17.25
2026-04-30 13:00:00-05:00,17.280000686645508
2026-04-30 13:15:00-05:00,17.280000686645508
2026-04-30 13:30:00-05:00,17.270000457763672
2026-04-30 13:45:00-05:00,17.219999313354492
2026-04-30 14:00:00-05:00,17.100000381469727
2026-04-30 14:15:00-05:00,17.200000762939453
2026-04-30 14:30:00-05:00,17.0
2026-04-30 14:45:00-05:00,16.93000030517578
2026-04-30 15:00:00-05:00,16.889999389648438
2026-05-01 02:15:00-05:00,17.049999237060547
2026-05-01 02:30:00-05:00,17.06999969482422
2026-05-01 02:45:00-05:00,17.09000015258789
2026-05-01 03:00:00-05:00,17.059999465942383
2026-05-01 03:15:00-05:00,17.06999969482422
2026-05-01 03:30:00-05:00,17.09000015258789
2026-05-01 03:45:00-05:00,17.079999923706055
2026-05-01 04:00:00-05:00,17.09000015258789
2026-05-01 04:15:00-05:00,17.06999969482422
2026-05-01 04:30:00-05:00,17.06999969482422
2026-05-01 04:45:00-05:00,17.06999969482422
2026-05-01 05:00:00-05:00,17.079999923706055
2026-05-01 05:15:00-05:00,17.059999465942383
2026-05-01 05:30:00-05:00,17.110000610351562
2026-05-01 05:45:00-05:00,17.06999969482422
2026-05-01 06:00:00-05:00,17.1200008392334
2026-05-01 06:15:00-05:00,16.989999771118164
2026-05-01 06:30:00-05:00,16.979999542236328
2026-05-01 06:45:00-05:00,16.860000610351562
2026-05-01 07:00:00-05:00,16.709999084472656
2026-05-01 07:15:00-05:00,16.760000228881836
2026-05-01 07:30:00-05:00,16.8799991607666
2026-05-01 07:45:00-05:00,16.860000610351562
2026-05-01 08:00:00-05:00,16.81999969482422
2026-05-01 08:15:00-05:00,16.809999465942383
2026-05-01 08:30:00-05:00,16.690000534057617
2026-05-01 08:45:00-05:00,16.579999923706055
2026-05-01 09:00:00-05:00,16.489999771118164
2026-05-01 09:15:00-05:00,16.600000381469727
2026-05-01 09:30:00-05:00,16.670000076293945
2026-05-01 09:45:00-05:00,16.68000030517578
2026-05-01 10:00:00-05:00,16.739999771118164
2026-05-01 10:15:00-05:00,16.709999084472656
2026-05-01 10:30:00-05:00,16.68000030517578
2026-05-01 10:45:00-05:00,16.829999923706055
2026-05-01 11:00:00-05:00,16.940000534057617
2026-05-01 11:15:00-05:00,16.959999084472656
2026-05-01 11:30:00-05:00,16.889999389648438
2026-05-01 11:45:00-05:00,16.719999313354492
2026-05-01 12:00:00-05:00,16.690000534057617
2026-05-01 12:15:00-05:00,16.690000534057617
2026-05-01 12:30:00-05:00,16.809999465942383
2026-05-01 12:45:00-05:00,16.889999389648438
2026-05-01 13:00:00-05:00,17.0
2026-05-01 13:15:00-05:00,16.969999313354492
2026-05-01 13:30:00-05:00,17.010000228881836
2026-05-01 13:45:00-05:00,16.8700008392334
2026-05-01 14:00:00-05:00,16.780000686645508
2026-05-01 14:15:00-05:00,16.649999618530273
2026-05-01 14:30:00-05:00,16.700000762939453
2026-05-01 14:45:00-05:00,17.0
2026-05-01 15:00:00-05:00,16.979999542236328
2026-05-04 02:15:00-05:00,17.3700008392334
2026-05-04 02:30:00-05:00,17.360000610351562
2026-05-04 02:45:00-05:00,17.450000762939453
2026-05-04 03:00:00-05:00,17.579999923706055
2026-05-04 03:15:00-05:00,17.489999771118164
2026-05-04 03:30:00-05:00,17.479999542236328
2026-05-04 03:45:00-05:00,17.5
2026-05-04 04:00:00-05:00,17.440000534057617
2026-05-04 04:15:00-05:00,17.489999771118164
2026-05-04 04:30:00-05:00,17.479999542236328
2026-05-04 04:45:00-05:00,17.520000457763672
2026-05-04 05:00:00-05:00,18.770000457763672
2026-05-04 05:15:00-05:00,18.510000228881836
2026-05-04 05:30:00-05:00,18.100000381469727
2026-05-04 05:45:00-05:00,18.170000076293945
2026-05-04 06:00:00-05:00,18.1200008392334
2026-05-04 06:15:00-05:00,18.030000686645508
2026-05-04 06:30:00-05:00,18.170000076293945
2026-05-04 06:45:00-05:00,18.030000686645508
2026-05-04 07:00:00-05:00,17.889999389648438
2026-05-04 07:15:00-05:00,17.799999237060547
2026-05-04 07:30:00-05:00,17.75
2026-05-04 07:45:00-05:00,17.690000534057617
2026-05-04 08:00:00-05:00,17.690000534057617
2026-05-04 08:15:00-05:00,17.649999618530273
2026-05-04 08:30:00-05:00,17.559999465942383
2026-05-04 08:45:00-05:00,17.43000030517578
2026-05-04 09:00:00-05:00,17.290000915527344
2026-05-04 09:15:00-05:00,17.260000228881836
2026-05-04 09:30:00-05:00,17.299999237060547
2026-05-04 09:45:00-05:00,17.5
2026-05-04 10:00:00-05:00,17.68000030517578
2026-05-04 10:15:00-05:00,18.170000076293945
2026-05-04 10:30:00-05:00,18.34000015258789
2026-05-04 10:45:00-05:00,18.440000534057617
2026-05-04 11:00:00-05:00,18.90999984741211
2026-05-04 11:15:00-05:00,18.700000762939453
2026-05-04 11:30:00-05:00,18.719999313354492
2026-05-04 11:45:00-05:00,18.84000015258789
2026-05-04 12:00:00-05:00,18.510000228881836
2026-05-04 12:15:00-05:00,18.110000610351562
2026-05-04 12:30:00-05:00,18.15999984741211
2026-05-04 12:45:00-05:00,18.149999618530273
2026-05-04 13:00:00-05:00,18.1200008392334
2026-05-04 13:15:00-05:00,18.34000015258789
2026-05-04 13:30:00-05:00,18.510000228881836
2026-05-04 13:45:00-05:00,18.360000610351562
2026-05-04 14:00:00-05:00,18.299999237060547
2026-05-04 14:15:00-05:00,18.31999969482422
2026-05-04 14:30:00-05:00,18.290000915527344
2026-05-04 14:45:00-05:00,18.18000030517578
2026-05-04 15:00:00-05:00,18.280000686645508
2026-05-05 02:15:00-05:00,17.989999771118164
2026-05-05 02:30:00-05:00,17.93000030517578
2026-05-05 02:45:00-05:00,18.0
2026-05-05 03:00:00-05:00,17.829999923706055
2026-05-05 03:15:00-05:00,17.760000228881836
2026-05-05 03:30:00-05:00,17.729999542236328
2026-05-05 03:45:00-05:00,17.719999313354492
2026-05-05 04:00:00-05:00,17.75
2026-05-05 04:15:00-05:00,17.75
2026-05-05 04:30:00-05:00,17.709999084472656
2026-05-05 04:45:00-05:00,17.68000030517578
2026-05-05 05:00:00-05:00,17.670000076293945
2026-05-05 05:15:00-05:00,17.65999984741211
2026-05-05 05:30:00-05:00,17.690000534057617
2026-05-05 05:45:00-05:00,17.670000076293945
2026-05-05 06:00:00-05:00,17.790000915527344
2026-05-05 06:15:00-05:00,17.68000030517578
2026-05-05 06:30:00-05:00,17.690000534057617
2026-05-05 06:45:00-05:00,17.68000030517578
2026-05-05 07:00:00-05:00,17.610000610351562
2026-05-05 07:15:00-05:00,17.610000610351562
2026-05-05 07:30:00-05:00,17.610000610351562
2026-05-05 07:45:00-05:00,17.559999465942383
2026-05-05 08:00:00-05:00,17.469999313354492
2026-05-05 08:15:00-05:00,17.520000457763672
2026-05-05 08:30:00-05:00,17.43000030517578
2026-05-05 08:45:00-05:00,17.440000534057617
2026-05-05 09:00:00-05:00,17.579999923706055
2026-05-05 09:15:00-05:00,17.360000610351562
2026-05-05 09:30:00-05:00,17.40999984741211
2026-05-05 09:45:00-05:00,17.399999618530273
2026-05-05 10:00:00-05:00,17.420000076293945
2026-05-05 10:15:00-05:00,17.489999771118164
2026-05-05 10:30:00-05:00,17.540000915527344
2026-05-05 10:45:00-05:00,17.540000915527344
2026-05-05 11:00:00-05:00,17.479999542236328
2026-05-05 11:15:00-05:00,17.450000762939453
2026-05-05 11:30:00-05:00,17.459999084472656
2026-05-05 11:45:00-05:00,17.40999984741211
2026-05-05 12:00:00-05:00,17.389999389648438
2026-05-05 12:15:00-05:00,17.280000686645508
2026-05-05 12:30:00-05:00,17.25
2026-05-05 12:45:00-05:00,17.25
2026-05-05 13:00:00-05:00,17.209999084472656
2026-05-05 13:15:00-05:00,17.299999237060547
2026-05-05 13:30:00-05:00,17.290000915527344
2026-05-05 13:45:00-05:00,17.239999771118164
2026-05-05 14:00:00-05:00,17.239999771118164
2026-05-05 14:15:00-05:00,17.270000457763672
2026-05-05 14:30:00-05:00,17.280000686645508
2026-05-05 14:45:00-05:00,17.43000030517578
2026-05-05 15:00:00-05:00,17.399999618530273
2026-05-06 02:15:00-05:00,17.100000381469727
2026-05-06 02:30:00-05:00,17.100000381469727
2026-05-06 02:45:00-05:00,17.049999237060547
2026-05-06 03:00:00-05:00,16.969999313354492
2026-05-06 03:15:00-05:00,16.959999084472656
2026-05-06 03:30:00-05:00,16.959999084472656
2026-05-06 03:45:00-05:00,16.799999237060547
2026-05-06 04:00:00-05:00,16.770000457763672
2026-05-06 04:15:00-05:00,16.719999313354492
2026-05-06 04:30:00-05:00,16.719999313354492
2026-05-06 04:45:00-05:00,16.719999313354492
2026-05-06 05:00:00-05:00,16.690000534057617
2026-05-06 05:15:00-05:00,16.579999923706055
2026-05-06 05:30:00-05:00,16.450000762939453
2026-05-06 05:45:00-05:00,16.489999771118164
2026-05-06 06:00:00-05:00,16.3799991607666
2026-05-06 06:15:00-05:00,16.25
2026-05-06 06:30:00-05:00,16.329999923706055
2026-05-06 06:45:00-05:00,16.440000534057617
2026-05-06 07:00:00-05:00,16.579999923706055
2026-05-06 07:15:00-05:00,16.559999465942383
2026-05-06 07:30:00-05:00,16.709999084472656
2026-05-06 07:45:00-05:00,16.729999542236328
2026-05-06 08:00:00-05:00,16.860000610351562
2026-05-06 08:15:00-05:00,16.860000610351562
2026-05-06 08:30:00-05:00,17.040000915527344
2026-05-06 08:45:00-05:00,17.149999618530273
2026-05-06 09:00:00-05:00,16.979999542236328
2026-05-06 09:15:00-05:00,16.989999771118164
2026-05-06 09:30:00-05:00,16.940000534057617
2026-05-06 09:45:00-05:00,17.020000457763672
2026-05-06 10:00:00-05:00,17.139999389648438
2026-05-06 10:15:00-05:00,17.260000228881836
2026-05-06 10:30:00-05:00,17.350000381469727
2026-05-06 10:45:00-05:00,17.229999542236328
2026-05-06 11:00:00-05:00,17.170000076293945
2026-05-06 11:15:00-05:00,17.219999313354492
2026-05-06 11:30:00-05:00,17.219999313354492
2026-05-06 11:45:00-05:00,17.149999618530273
2026-05-06 12:00:00-05:00,17.1200008392334
2026-05-06 12:15:00-05:00,17.1200008392334
2026-05-06 12:30:00-05:00,17.030000686645508
2026-05-06 12:45:00-05:00,17.0
2026-05-06 13:00:00-05:00,17.020000457763672
2026-05-06 13:15:00-05:00,17.040000915527344
2026-05-06 13:30:00-05:00,17.149999618530273
2026-05-06 13:45:00-05:00,17.15999984741211
2026-05-06 14:00:00-05:00,17.18000030517578
2026-05-06 14:15:00-05:00,17.209999084472656
2026-05-06 14:30:00-05:00,17.350000381469727
2026-05-06 14:45:00-05:00,17.25
2026-05-06 15:00:00-05:00,17.389999389648438
2026-05-07 02:15:00-05:00,17.559999465942383
2026-05-07 02:30:00-05:00,17.510000228881836
2026-05-07 02:45:00-05:00,17.520000457763672
2026-05-07 03:00:00-05:00,17.549999237060547
2026-05-07 03:15:00-05:00,17.579999923706055
2026-05-07 03:30:00-05:00,17.5
2026-05-07 03:45:00-05:00,17.489999771118164
2026-05-07 04:00:00-05:00,17.5
2026-05-07 04:15:00-05:00,17.479999542236328
2026-05-07 04:30:00-05:00,17.469999313354492
2026-05-07 04:45:00-05:00,17.530000686645508
2026-05-07 05:00:00-05:00,17.5
2026-05-07 05:15:00-05:00,17.479999542236328
2026-05-07 05:30:00-05:00,17.489999771118164
2026-05-07 05:45:00-05:00,17.479999542236328
2026-05-07 06:00:00-05:00,17.479999542236328
2026-05-07 06:15:00-05:00,17.489999771118164
2026-05-07 06:30:00-05:00,17.440000534057617
2026-05-07 06:45:00-05:00,17.420000076293945
2026-05-07 07:00:00-05:00,17.399999618530273
2026-05-07 07:15:00-05:00,17.389999389648438
2026-05-07 07:30:00-05:00,17.350000381469727
2026-05-07 07:45:00-05:00,17.329999923706055
2026-05-07 08:00:00-05:00,17.360000610351562
2026-05-07 08:15:00-05:00,17.31999969482422
2026-05-07 08:30:00-05:00,17.229999542236328
2026-05-07 08:45:00-05:00,17.239999771118164
2026-05-07 09:00:00-05:00,17.170000076293945
2026-05-07 09:15:00-05:00,17.15999984741211
2026-05-07 09:30:00-05:00,17.139999389648438
2026-05-07 09:45:00-05:00,17.1299991607666
2026-05-07 10:00:00-05:00,17.239999771118164
2026-05-07 10:15:00-05:00,17.219999313354492
2026-05-07 10:30:00-05:00,17.239999771118164
2026-05-07 10:45:00-05:00,17.31999969482422
2026-05-07 11:00:00-05:00,17.450000762939453
2026-05-07 11:15:00-05:00,17.31999969482422
2026-05-07 11:30:00-05:00,17.360000610351562
2026-05-07 11:45:00-05:00,17.40999984741211
2026-05-07 12:00:00-05:00,17.350000381469727
2026-05-07 12:15:00-05:00,17.459999084472656
2026-05-07 12:30:00-05:00,17.3799991607666
2026-05-07 12:45:00-05:00,17.239999771118164
2026-05-07 13:00:00-05:00,17.200000762939453
2026-05-07 13:15:00-05:00,17.18000030517578
2026-05-07 13:30:00-05:00,17.299999237060547
2026-05-07 13:45:00-05:00,17.190000534057617
2026-05-07 14:00:00-05:00,17.229999542236328
2026-05-07 14:15:00-05:00,17.329999923706055
2026-05-07 14:30:00-05:00,17.1299991607666
2026-05-07 14:45:00-05:00,17.059999465942383
2026-05-07 15:00:00-05:00,17.079999923706055
2026-05-08 02:15:00-05:00,17.34000015258789
2026-05-08 02:30:00-05:00,17.270000457763672
2026-05-08 02:45:00-05:00,17.190000534057617
2026-05-08 03:00:00-05:00,17.190000534057617
2026-05-08 03:15:00-05:00,17.15999984741211
2026-05-08 03:30:00-05:00,17.139999389648438
2026-05-08 03:45:00-05:00,17.1299991607666
2026-05-08 04:00:00-05:00,17.049999237060547
2026-05-08 04:15:00-05:00,17.049999237060547
2026-05-08 04:30:00-05:00,17.06999969482422
2026-05-08 04:45:00-05:00,17.1200008392334
2026-05-08 05:00:00-05:00,17.139999389648438
2026-05-08 05:15:00-05:00,17.1200008392334
2026-05-08 05:30:00-05:00,17.100000381469727
2026-05-08 05:45:00-05:00,17.110000610351562
2026-05-08 06:00:00-05:00,17.100000381469727
2026-05-08 06:15:00-05:00,17.059999465942383
2026-05-08 06:30:00-05:00,17.079999923706055
2026-05-08 06:45:00-05:00,17.100000381469727
2026-05-08 07:00:00-05:00,17.040000915527344
2026-05-08 07:15:00-05:00,16.969999313354492
2026-05-08 07:30:00-05:00,16.84000015258789
2026-05-08 07:45:00-05:00,17.0
2026-05-08 08:00:00-05:00,17.15999984741211
2026-05-08 08:15:00-05:00,17.1200008392334
2026-05-08 08:30:00-05:00,16.940000534057617
2026-05-08 08:45:00-05:00,17.040000915527344
2026-05-08 09:00:00-05:00,17.18000030517578
2026-05-08 09:15:00-05:00,17.440000534057617
2026-05-08 09:30:00-05:00,17.299999237060547
2026-05-08 09:45:00-05:00,17.3799991607666
2026-05-08 10:00:00-05:00,17.270000457763672
2026-05-08 10:15:00-05:00,17.229999542236328
2026-05-08 10:30:00-05:00,17.309999465942383
2026-05-08 10:45:00-05:00,17.290000915527344
2026-05-08 11:00:00-05:00,17.219999313354492
2026-05-08 11:15:00-05:00,17.219999313354492
2026-05-08 11:30:00-05:00,17.270000457763672
2026-05-08 11:45:00-05:00,17.280000686645508
2026-05-08 12:00:00-05:00,17.34000015258789
2026-05-08 12:15:00-05:00,17.3700008392334
2026-05-08 12:30:00-05:00,17.469999313354492
2026-05-08 12:45:00-05:00,17.479999542236328
2026-05-08 13:00:00-05:00,17.459999084472656
2026-05-08 13:15:00-05:00,17.450000762939453
2026-05-08 13:30:00-05:00,17.440000534057617
2026-05-08 13:45:00-05:00,17.479999542236328
2026-05-08 14:00:00-05:00,17.5
2026-05-08 14:15:00-05:00,17.350000381469727
2026-05-08 14:30:00-05:00,17.149999618530273
2026-05-08 14:45:00-05:00,17.18000030517578
2026-05-08 15:00:00-05:00,17.18000030517578
2026-05-11 02:15:00-05:00,18.229999542236328
2026-05-11 02:30:00-05:00,18.209999084472656
2026-05-11 02:45:00-05:00,18.200000762939453
2026-05-11 03:00:00-05:00,18.219999313354492
2026-05-11 03:15:00-05:00,18.200000762939453
2026-05-11 03:30:00-05:00,18.15999984741211
2026-05-11 03:45:00-05:00,18.170000076293945
2026-05-11 04:00:00-05:00,18.170000076293945
2026-05-11 04:15:00-05:00,18.1200008392334
2026-05-11 04:30:00-05:00,18.079999923706055
2026-05-11 04:45:00-05:00,18.139999389648438
2026-05-11 05:00:00-05:00,18.139999389648438
2026-05-11 05:15:00-05:00,18.15999984741211
2026-05-11 05:30:00-05:00,18.15999984741211
2026-05-11 05:45:00-05:00,18.190000534057617
2026-05-11 06:00:00-05:00,18.15999984741211
2026-05-11 06:15:00-05:00,18.139999389648438
2026-05-11 06:30:00-05:00,18.139999389648438
2026-05-11 06:45:00-05:00,18.149999618530273
2026-05-11 07:00:00-05:00,18.200000762939453
2026-05-11 07:15:00-05:00,18.170000076293945
2026-05-11 07:30:00-05:00,18.170000076293945
2026-05-11 07:45:00-05:00,18.280000686645508
2026-05-11 08:00:00-05:00,18.229999542236328
2026-05-11 08:15:00-05:00,18.229999542236328
2026-05-11 08:30:00-05:00,18.299999237060547
2026-05-11 08:45:00-05:00,18.190000534057617
2026-05-11 09:00:00-05:00,18.219999313354492
2026-05-11 09:15:00-05:00,18.25
2026-05-11 09:30:00-05:00,18.139999389648438
2026-05-11 09:45:00-05:00,18.059999465942383
2026-05-11 10:00:00-05:00,18.020000457763672
2026-05-11 10:15:00-05:00,17.90999984741211
2026-05-11 10:30:00-05:00,17.940000534057617
2026-05-11 10:45:00-05:00,17.940000534057617
2026-05-11 11:00:00-05:00,17.950000762939453
2026-05-11 11:15:00-05:00,18.0
2026-05-11 11:30:00-05:00,18.010000228881836
2026-05-11 11:45:00-05:00,18.110000610351562
2026-05-11 12:00:00-05:00,18.100000381469727
2026-05-11 12:15:00-05:00,18.059999465942383
2026-05-11 12:30:00-05:00,18.09000015258789
2026-05-11 12:45:00-05:00,18.15999984741211
2026-05-11 13:00:00-05:00,18.1299991607666
2026-05-11 13:15:00-05:00,18.149999618530273
2026-05-11 13:30:00-05:00,18.190000534057617
2026-05-11 13:45:00-05:00,18.280000686645508
2026-05-11 14:00:00-05:00,18.309999465942383
2026-05-11 14:15:00-05:00,18.40999984741211
2026-05-11 14:30:00-05:00,18.459999084472656
2026-05-11 14:45:00-05:00,18.360000610351562
2026-05-11 15:00:00-05:00,18.3700008392334
2026-05-12 02:15:00-05:00,18.770000457763672
2026-05-12 02:30:00-05:00,18.719999313354492
2026-05-12 02:45:00-05:00,18.739999771118164
2026-05-12 03:00:00-05:00,18.84000015258789
2026-05-12 03:15:00-05:00,18.850000381469727
2026-05-12 03:30:00-05:00,18.920000076293945
2026-05-12 03:45:00-05:00,18.8799991607666
2026-05-12 04:00:00-05:00,18.889999389648438
2026-05-12 04:15:00-05:00,18.8799991607666
2026-05-12 04:30:00-05:00,18.950000762939453
2026-05-12 04:45:00-05:00,18.950000762939453
2026-05-12 05:00:00-05:00,18.850000381469727
2026-05-12 05:15:00-05:00,18.90999984741211
2026-05-12 05:30:00-05:00,18.920000076293945
2026-05-12 05:45:00-05:00,18.8700008392334
2026-05-12 06:00:00-05:00,18.93000030517578
2026-05-12 06:15:00-05:00,18.809999465942383
2026-05-12 06:30:00-05:00,18.760000228881836
2026-05-12 06:45:00-05:00,18.75
2026-05-12 07:00:00-05:00,18.809999465942383
2026-05-12 07:15:00-05:00,18.889999389648438
2026-05-12 07:30:00-05:00,18.68000030517578
2026-05-12 07:45:00-05:00,18.65999984741211
2026-05-12 08:00:00-05:00,18.670000076293945
2026-05-12 08:15:00-05:00,18.690000534057617
2026-05-12 08:30:00-05:00,18.670000076293945
2026-05-12 08:45:00-05:00,18.84000015258789
2026-05-12 09:00:00-05:00,18.719999313354492
2026-05-12 09:15:00-05:00,18.75
2026-05-12 09:30:00-05:00,18.770000457763672
2026-05-12 09:45:00-05:00,18.889999389648438
2026-05-12 10:00:00-05:00,18.899999618530273
2026-05-12 10:15:00-05:00,19.06999969482422
2026-05-12 10:30:00-05:00,18.829999923706055
2026-05-12 10:45:00-05:00,18.950000762939453
2026-05-12 11:00:00-05:00,18.690000534057617
2026-05-12 11:15:00-05:00,18.68000030517578
2026-05-12 11:30:00-05:00,18.639999389648438
2026-05-12 11:45:00-05:00,18.639999389648438
2026-05-12 12:00:00-05:00,18.469999313354492
2026-05-12 12:15:00-05:00,18.350000381469727
2026-05-12 12:30:00-05:00,18.280000686645508
2026-05-12 12:45:00-05:00,18.209999084472656
2026-05-12 13:00:00-05:00,18.239999771118164
2026-05-12 13:15:00-05:00,18.100000381469727
2026-05-12 13:30:00-05:00,18.079999923706055
2026-05-12 13:45:00-05:00,18.110000610351562
2026-05-12 14:00:00-05:00,17.950000762939453
2026-05-12 14:15:00-05:00,18.030000686645508
2026-05-12 14:30:00-05:00,18.030000686645508
2026-05-12 14:45:00-05:00,17.940000534057617
2026-05-12 15:00:00-05:00,17.989999771118164
2026-05-13 02:15:00-05:00,17.989999771118164
2026-05-13 02:30:00-05:00,17.90999984741211
2026-05-13 02:45:00-05:00,17.93000030517578
2026-05-13 03:00:00-05:00,17.889999389648438
2026-05-13 03:15:00-05:00,17.850000381469727
2026-05-13 03:30:00-05:00,17.84000015258789
2026-05-13 03:45:00-05:00,17.899999618530273
2026-05-13 04:00:00-05:00,17.950000762939453
2026-05-13 04:15:00-05:00,17.940000534057617
2026-05-13 04:30:00-05:00,17.889999389648438
2026-05-13 04:45:00-05:00,17.8700008392334
2026-05-13 05:00:00-05:00,17.93000030517578
2026-05-13 05:15:00-05:00,17.959999084472656
2026-05-13 05:30:00-05:00,17.959999084472656
2026-05-13 05:45:00-05:00,17.950000762939453
2026-05-13 06:00:00-05:00,17.93000030517578
2026-05-13 06:15:00-05:00,17.899999618530273
2026-05-13 06:30:00-05:00,17.850000381469727
2026-05-13 06:45:00-05:00,17.8700008392334
2026-05-13 07:00:00-05:00,17.860000610351562
2026-05-13 07:15:00-05:00,17.899999618530273
2026-05-13 07:30:00-05:00,18.06999969482422
2026-05-13 07:45:00-05:00,18.15999984741211
2026-05-13 08:00:00-05:00,18.049999237060547
2026-05-13 08:15:00-05:00,18.040000915527344
2026-05-13 08:30:00-05:00,18.260000228881836
2026-05-13 08:45:00-05:00,18.09000015258789
2026-05-13 09:00:00-05:00,18.1299991607666
2026-05-13 09:15:00-05:00,18.040000915527344
2026-05-13 09:30:00-05:00,18.0
2026-05-13 09:45:00-05:00,18.0
2026-05-13 10:00:00-05:00,18.020000457763672
2026-05-13 10:15:00-05:00,18.040000915527344
2026-05-13 10:30:00-05:00,18.06999969482422
2026-05-13 10:45:00-05:00,18.100000381469727
2026-05-13 11:00:00-05:00,18.049999237060547
2026-05-13 11:15:00-05:00,18.06999969482422
2026-05-13 11:30:00-05:00,18.020000457763672
2026-05-13 11:45:00-05:00,17.979999542236328
2026-05-13 12:00:00-05:00,17.979999542236328
2026-05-13 12:15:00-05:00,17.979999542236328
2026-05-13 12:30:00-05:00,17.8799991607666
2026-05-13 12:45:00-05:00,17.889999389648438
2026-05-13 13:00:00-05:00,17.799999237060547
2026-05-13 13:15:00-05:00,17.809999465942383
2026-05-13 13:30:00-05:00,17.829999923706055
2026-05-13 13:45:00-05:00,17.81999969482422
2026-05-13 14:00:00-05:00,17.84000015258789
2026-05-13 14:15:00-05:00,17.84000015258789
2026-05-13 14:30:00-05:00,17.770000457763672
2026-05-13 14:45:00-05:00,17.8700008392334
2026-05-13 15:00:00-05:00,17.8700008392334
2026-05-14 02:15:00-05:00,17.829999923706055
2026-05-14 02:30:00-05:00,17.790000915527344
2026-05-14 02:45:00-05:00,17.850000381469727
2026-05-14 03:00:00-05:00,17.809999465942383
2026-05-14 03:15:00-05:00,17.799999237060547
2026-05-14 03:30:00-05:00,17.809999465942383
2026-05-14 03:45:00-05:00,17.790000915527344
2026-05-14 04:00:00-05:00,17.81999969482422
2026-05-14 04:15:00-05:00,17.84000015258789
2026-05-14 04:30:00-05:00,17.90999984741211
2026-05-14 04:45:00-05:00,17.8700008392334
2026-05-14 05:00:00-05:00,17.81999969482422
2026-05-14 05:15:00-05:00,17.850000381469727
2026-05-14 05:30:00-05:00,17.899999618530273
2026-05-14 05:45:00-05:00,17.8700008392334
2026-05-14 06:00:00-05:00,17.850000381469727
2026-05-14 06:15:00-05:00,17.90999984741211
2026-05-14 06:30:00-05:00,17.860000610351562
2026-05-14 06:45:00-05:00,17.860000610351562
2026-05-14 07:00:00-05:00,17.860000610351562
2026-05-14 07:15:00-05:00,17.889999389648438
2026-05-14 07:30:00-05:00,17.889999389648438
2026-05-14 07:45:00-05:00,17.8799991607666
2026-05-14 08:00:00-05:00,17.8799991607666
2026-05-14 08:15:00-05:00,17.889999389648438
2026-05-14 08:30:00-05:00,17.979999542236328
2026-05-14 08:45:00-05:00,17.940000534057617
2026-05-14 09:00:00-05:00,17.90999984741211
2026-05-14 09:15:00-05:00,18.049999237060547
2026-05-14 09:30:00-05:00,17.950000762939453
2026-05-14 09:45:00-05:00,18.0
2026-05-14 10:00:00-05:00,17.8700008392334
2026-05-14 10:15:00-05:00,17.889999389648438
2026-05-14 10:30:00-05:00,17.84000015258789
2026-05-14 10:45:00-05:00,17.81999969482422
2026-05-14 11:00:00-05:00,17.809999465942383
2026-05-14 11:15:00-05:00,17.739999771118164
2026-05-14 11:30:00-05:00,17.709999084472656
2026-05-14 11:45:00-05:00,17.600000381469727
2026-05-14 12:00:00-05:00,17.600000381469727
2026-05-14 12:15:00-05:00,17.549999237060547
2026-05-14 12:30:00-05:00,17.350000381469727
2026-05-14 12:45:00-05:00,17.399999618530273
2026-05-14 13:00:00-05:00,17.43000030517578
2026-05-14 13:15:00-05:00,17.549999237060547
2026-05-14 13:30:00-05:00,17.489999771118164
2026-05-14 13:45:00-05:00,17.239999771118164
2026-05-14 14:00:00-05:00,17.309999465942383
2026-05-14 14:15:00-05:00,17.309999465942383
2026-05-14 14:30:00-05:00,17.299999237060547
2026-05-14 14:45:00-05:00,17.329999923706055
2026-05-14 15:00:00-05:00,17.260000228881836
2026-05-15 02:15:00-05:00,18.010000228881836
2026-05-15 02:30:00-05:00,18.1200008392334
2026-05-15 02:45:00-05:00,18.149999618530273
2026-05-15 03:00:00-05:00,18.309999465942383
2026-05-15 03:15:00-05:00,18.729999542236328
2026-05-15 03:30:00-05:00,18.59000015258789
2026-05-15 03:45:00-05:00,18.700000762939453
2026-05-15 04:00:00-05:00,18.700000762939453
2026-05-15 04:15:00-05:00,18.739999771118164
2026-05-15 04:30:00-05:00,18.790000915527344
2026-05-15 04:45:00-05:00,18.850000381469727
2026-05-15 05:00:00-05:00,18.790000915527344
2026-05-15 05:15:00-05:00,18.709999084472656
2026-05-15 05:30:00-05:00,18.809999465942383
2026-05-15 05:45:00-05:00,18.579999923706055
2026-05-15 06:00:00-05:00,18.68000030517578
2026-05-15 06:15:00-05:00,18.600000381469727
2026-05-15 06:30:00-05:00,18.8799991607666
2026-05-15 06:45:00-05:00,18.979999542236328
2026-05-15 07:00:00-05:00,19.209999084472656
2026-05-15 07:15:00-05:00,19.110000610351562
2026-05-15 07:30:00-05:00,19.200000762939453
2026-05-15 07:45:00-05:00,19.110000610351562
2026-05-15 08:00:00-05:00,19.020000457763672
2026-05-15 08:15:00-05:00,18.920000076293945
2026-05-15 08:30:00-05:00,18.739999771118164
2026-05-15 08:45:00-05:00,18.700000762939453
2026-05-15 09:00:00-05:00,18.579999923706055
2026-05-15 09:15:00-05:00,18.709999084472656
2026-05-15 09:30:00-05:00,18.309999465942383
2026-05-15 09:45:00-05:00,18.350000381469727
2026-05-15 10:00:00-05:00,18.239999771118164
2026-05-15 10:15:00-05:00,18.059999465942383
2026-05-15 10:30:00-05:00,18.360000610351562
2026-05-15 10:45:00-05:00,18.40999984741211
2026-05-15 11:00:00-05:00,18.3700008392334
2026-05-15 11:15:00-05:00,18.190000534057617
2026-05-15 11:30:00-05:00,18.06999969482422
2026-05-15 11:45:00-05:00,18.149999618530273
2026-05-15 12:00:00-05:00,17.969999313354492
2026-05-15 12:15:00-05:00,17.829999923706055
2026-05-15 12:30:00-05:00,17.93000030517578
2026-05-15 12:45:00-05:00,17.920000076293945
2026-05-15 13:00:00-05:00,18.040000915527344
2026-05-15 13:15:00-05:00,18.15999984741211
2026-05-15 13:30:00-05:00,18.110000610351562
2026-05-15 13:45:00-05:00,17.940000534057617
2026-05-15 14:00:00-05:00,18.040000915527344
2026-05-15 14:15:00-05:00,18.049999237060547
2026-05-15 14:30:00-05:00,18.1299991607666
2026-05-15 14:45:00-05:00,18.260000228881836
2026-05-15 15:00:00-05:00,18.420000076293945
2026-05-18 02:15:00-05:00,19.100000381469727
2026-05-18 02:30:00-05:00,19.280000686645508
2026-05-18 02:45:00-05:00,19.170000076293945
2026-05-18 03:00:00-05:00,19.09000015258789
2026-05-18 03:15:00-05:00,18.899999618530273
2026-05-18 03:30:00-05:00,18.950000762939453
2026-05-18 03:45:00-05:00,18.90999984741211
2026-05-18 04:00:00-05:00,18.989999771118164
2026-05-18 04:15:00-05:00,19.0
2026-05-18 04:30:00-05:00,18.969999313354492
2026-05-18 04:45:00-05:00,19.030000686645508
2026-05-18 05:00:00-05:00,19.209999084472656
2026-05-18 05:15:00-05:00,19.190000534057617
2026-05-18 05:30:00-05:00,19.149999618530273
2026-05-18 05:45:00-05:00,19.15999984741211
2026-05-18 06:00:00-05:00,19.229999542236328
2026-05-18 06:15:00-05:00,19.25
2026-05-18 06:30:00-05:00,18.670000076293945
2026-05-18 06:45:00-05:00,18.690000534057617
2026-05-18 07:00:00-05:00,18.540000915527344
2026-05-18 07:15:00-05:00,18.59000015258789
2026-05-18 07:30:00-05:00,18.43000030517578
2026-05-18 07:45:00-05:00,18.420000076293945
2026-05-18 08:00:00-05:00,18.479999542236328
2026-05-18 08:15:00-05:00,18.489999771118164
2026-05-18 08:30:00-05:00,18.799999237060547
2026-05-18 08:45:00-05:00,18.389999389648438
2026-05-18 09:00:00-05:00,18.399999618530273
2026-05-18 09:15:00-05:00,18.40999984741211
2026-05-18 09:30:00-05:00,18.530000686645508
2026-05-18 09:45:00-05:00,18.450000762939453
2026-05-18 10:00:00-05:00,18.559999465942383
2026-05-18 10:15:00-05:00,18.790000915527344
2026-05-18 10:30:00-05:00,18.670000076293945
2026-05-18 10:45:00-05:00,18.649999618530273
2026-05-18 11:00:00-05:00,18.459999084472656
2026-05-18 11:15:00-05:00,18.709999084472656
2026-05-18 11:30:00-05:00,18.6299991607666
2026-05-18 11:45:00-05:00,18.399999618530273
2026-05-18 12:00:00-05:00,18.360000610351562
2026-05-18 12:15:00-05:00,18.270000457763672
2026-05-18 12:30:00-05:00,18.280000686645508
2026-05-18 12:45:00-05:00,18.18000030517578
2026-05-18 13:00:00-05:00,18.5
2026-05-18 13:15:00-05:00,18.649999618530273
2026-05-18 13:30:00-05:00,18.6200008392334
2026-05-18 13:45:00-05:00,18.739999771118164
2026-05-18 14:00:00-05:00,18.389999389648438
2026-05-18 14:15:00-05:00,18.450000762939453
2026-05-18 14:30:00-05:00,18.059999465942383
2026-05-18 14:45:00-05:00,17.700000762939453
2026-05-18 15:00:00-05:00,17.809999465942383
2026-05-19 02:15:00-05:00,18.020000457763672
2026-05-19 02:30:00-05:00,17.940000534057617
2026-05-19 02:45:00-05:00,17.899999618530273
2026-05-19 03:00:00-05:00,18.020000457763672
2026-05-19 03:15:00-05:00,18.09000015258789
2026-05-19 03:30:00-05:00,18.030000686645508
2026-05-19 03:45:00-05:00,18.049999237060547
2026-05-19 04:00:00-05:00,18.049999237060547
2026-05-19 04:15:00-05:00,18.229999542236328
2026-05-19 04:30:00-05:00,18.34000015258789
2026-05-19 04:45:00-05:00,18.149999618530273
2026-05-19 05:00:00-05:00,18.170000076293945
2026-05-19 05:15:00-05:00,18.15999984741211
2026-05-19 05:30:00-05:00,18.25
2026-05-19 05:45:00-05:00,18.040000915527344
2026-05-19 06:00:00-05:00,17.979999542236328
2026-05-19 06:15:00-05:00,18.030000686645508
2026-05-19 06:30:00-05:00,18.010000228881836
2026-05-19 06:45:00-05:00,18.06999969482422
2026-05-19 07:00:00-05:00,18.0
2026-05-19 07:15:00-05:00,18.020000457763672
2026-05-19 07:30:00-05:00,17.940000534057617
2026-05-19 07:45:00-05:00,17.90999984741211
2026-05-19 08:00:00-05:00,17.690000534057617
2026-05-19 08:15:00-05:00,17.979999542236328
2026-05-19 08:30:00-05:00,18.190000534057617
2026-05-19 08:45:00-05:00,17.790000915527344
2026-05-19 09:00:00-05:00,17.979999542236328
2026-05-19 09:15:00-05:00,18.059999465942383
2026-05-19 09:30:00-05:00,17.920000076293945
2026-05-19 09:45:00-05:00,18.200000762939453
2026-05-19 10:00:00-05:00,18.06999969482422
2026-05-19 10:15:00-05:00,18.209999084472656
2026-05-19 10:30:00-05:00,17.959999084472656
2026-05-19 10:45:00-05:00,18.06999969482422
2026-05-19 11:00:00-05:00,18.15999984741211
2026-05-19 11:15:00-05:00,17.889999389648438
2026-05-19 11:30:00-05:00,17.809999465942383
2026-05-19 11:45:00-05:00,17.780000686645508
2026-05-19 12:00:00-05:00,17.84000015258789
2026-05-19 12:15:00-05:00,17.950000762939453
2026-05-19 12:30:00-05:00,17.950000762939453
2026-05-19 12:45:00-05:00,17.950000762939453
2026-05-19 13:00:00-05:00,17.889999389648438
2026-05-19 13:15:00-05:00,18.010000228881836
2026-05-19 13:30:00-05:00,17.989999771118164
2026-05-19 13:45:00-05:00,18.079999923706055
2026-05-19 14:00:00-05:00,17.850000381469727
2026-05-19 14:15:00-05:00,18.049999237060547
2026-05-19 14:30:00-05:00,18.1200008392334
2026-05-19 14:45:00-05:00,18.06999969482422
2026-05-19 15:00:00-05:00,18.06999969482422
2026-05-20 02:15:00-05:00,18.09000015258789
2026-05-20 02:30:00-05:00,18.1200008392334
2026-05-20 02:45:00-05:00,18.139999389648438
2026-05-20 03:00:00-05:00,18.06999969482422
2026-05-20 03:15:00-05:00,18.06999969482422
2026-05-20 03:30:00-05:00,17.989999771118164
2026-05-20 03:45:00-05:00,18.0
2026-05-20 04:00:00-05:00,18.020000457763672
2026-05-20 04:15:00-05:00,18.010000228881836
2026-05-20 04:30:00-05:00,18.0
2026-05-20 04:45:00-05:00,17.969999313354492
2026-05-20 05:00:00-05:00,17.920000076293945
2026-05-20 05:15:00-05:00,17.940000534057617
2026-05-20 05:30:00-05:00,17.899999618530273
2026-05-20 05:45:00-05:00,17.950000762939453
2026-05-20 06:00:00-05:00,17.940000534057617
2026-05-20 06:15:00-05:00,17.940000534057617
2026-05-20 06:30:00-05:00,17.989999771118164
2026-05-20 06:45:00-05:00,18.010000228881836
2026-05-20 07:00:00-05:00,17.969999313354492
2026-05-20 07:15:00-05:00,17.8799991607666
2026-05-20 07:30:00-05:00,17.93000030517578
2026-05-20 07:45:00-05:00,17.979999542236328
2026-05-20 08:00:00-05:00,17.979999542236328
2026-05-20 08:15:00-05:00,17.969999313354492
2026-05-20 08:30:00-05:00,17.8799991607666
2026-05-20 08:45:00-05:00,17.829999923706055
2026-05-20 09:00:00-05:00,17.940000534057617
2026-05-20 09:15:00-05:00,17.670000076293945
2026-05-20 09:30:00-05:00,17.729999542236328
2026-05-20 09:45:00-05:00,17.729999542236328
2026-05-20 10:00:00-05:00,17.84000015258789
2026-05-20 10:15:00-05:00,17.709999084472656
2026-05-20 10:30:00-05:00,17.639999389648438
2026-05-20 10:45:00-05:00,17.700000762939453
2026-05-20 11:00:00-05:00,17.75
2026-05-20 11:15:00-05:00,17.850000381469727
2026-05-20 11:30:00-05:00,17.739999771118164
2026-05-20 11:45:00-05:00,17.700000762939453
2026-05-20 12:00:00-05:00,17.670000076293945
2026-05-20 12:15:00-05:00,17.579999923706055
2026-05-20 12:30:00-05:00,17.540000915527344
2026-05-20 12:45:00-05:00,17.549999237060547
2026-05-20 13:00:00-05:00,17.469999313354492
2026-05-20 13:15:00-05:00,17.530000686645508
2026-05-20 13:30:00-05:00,17.5
2026-05-20 13:45:00-05:00,17.440000534057617
2026-05-20 14:00:00-05:00,17.450000762939453
2026-05-20 14:15:00-05:00,17.399999618530273
2026-05-20 14:30:00-05:00,17.399999618530273
2026-05-20 14:45:00-05:00,17.3799991607666
2026-05-20 15:00:00-05:00,17.450000762939453
2026-05-21 02:15:00-05:00,17.549999237060547
2026-05-21 02:30:00-05:00,17.520000457763672
2026-05-21 02:45:00-05:00,17.43000030517578
2026-05-21 03:00:00-05:00,17.280000686645508
2026-05-21 03:15:00-05:00,17.25
2026-05-21 03:30:00-05:00,17.290000915527344
2026-05-21 03:45:00-05:00,17.290000915527344
2026-05-21 04:00:00-05:00,17.260000228881836
2026-05-21 04:15:00-05:00,17.170000076293945
2026-05-21 04:30:00-05:00,17.209999084472656
2026-05-21 04:45:00-05:00,17.200000762939453
2026-05-21 05:00:00-05:00,17.170000076293945
2026-05-21 05:15:00-05:00,17.540000915527344
2026-05-21 05:30:00-05:00,17.780000686645508
2026-05-21 05:45:00-05:00,17.760000228881836
2026-05-21 06:00:00-05:00,17.739999771118164
2026-05-21 06:15:00-05:00,17.649999618530273
2026-05-21 06:30:00-05:00,17.670000076293945
2026-05-21 06:45:00-05:00,17.649999618530273
2026-05-21 07:00:00-05:00,17.68000030517578
2026-05-21 07:15:00-05:00,17.709999084472656
2026-05-21 07:30:00-05:00,17.700000762939453
2026-05-21 07:45:00-05:00,17.75
2026-05-21 08:00:00-05:00,17.709999084472656
2026-05-21 08:15:00-05:00,17.719999313354492
2026-05-21 08:30:00-05:00,17.700000762939453
2026-05-21 08:45:00-05:00,17.399999618530273
2026-05-21 09:00:00-05:00,17.510000228881836
2026-05-21 09:15:00-05:00,17.6299991607666
2026-05-21 09:30:00-05:00,17.610000610351562
2026-05-21 09:45:00-05:00,17.5
2026-05-21 10:00:00-05:00,17.360000610351562
2026-05-21 10:15:00-05:00,17.34000015258789
2026-05-21 10:30:00-05:00,17.299999237060547
2026-05-21 10:45:00-05:00,17.290000915527344
2026-05-21 11:00:00-05:00,17.239999771118164
2026-05-21 11:15:00-05:00,17.25
2026-05-21 11:30:00-05:00,17.200000762939453
2026-05-21 11:45:00-05:00,17.1200008392334
2026-05-21 12:00:00-05:00,16.989999771118164
2026-05-21 12:15:00-05:00,16.920000076293945
2026-05-21 12:30:00-05:00,17.0
2026-05-21 12:45:00-05:00,16.969999313354492
2026-05-21 13:00:00-05:00,17.020000457763672
2026-05-21 13:15:00-05:00,16.93000030517578
2026-05-21 13:30:00-05:00,16.850000381469727
2026-05-21 13:45:00-05:00,17.170000076293945
2026-05-21 14:00:00-05:00,16.969999313354492
2026-05-21 14:15:00-05:00,16.760000228881836
2026-05-21 14:30:00-05:00,16.670000076293945
2026-05-21 14:45:00-05:00,16.68000030517578
2026-05-21 15:00:00-05:00,16.760000228881836
2026-05-22 02:15:00-05:00,16.760000228881836
2026-05-22 02:30:00-05:00,16.770000457763672
2026-05-22 02:45:00-05:00,16.770000457763672
2026-05-22 03:00:00-05:00,16.760000228881836
2026-05-22 03:15:00-05:00,16.739999771118164
2026-05-22 03:30:00-05:00,16.790000915527344
2026-05-22 03:45:00-05:00,16.829999923706055
2026-05-22 04:00:00-05:00,16.950000762939453
2026-05-22 04:15:00-05:00,17.0
2026-05-22 04:30:00-05:00,17.049999237060547
2026-05-22 04:45:00-05:00,17.030000686645508
2026-05-22 05:00:00-05:00,17.059999465942383
2026-05-22 05:15:00-05:00,17.110000610351562
2026-05-22 05:30:00-05:00,17.1299991607666
2026-05-22 05:45:00-05:00,17.06999969482422
2026-05-22 06:00:00-05:00,17.030000686645508
2026-05-22 06:15:00-05:00,17.010000228881836
2026-05-22 06:30:00-05:00,17.0
2026-05-22 06:45:00-05:00,16.959999084472656
2026-05-22 07:00:00-05:00,16.729999542236328
2026-05-22 07:15:00-05:00,16.829999923706055
2026-05-22 07:30:00-05:00,16.790000915527344
2026-05-22 07:45:00-05:00,16.739999771118164
2026-05-22 08:00:00-05:00,16.690000534057617
2026-05-22 08:15:00-05:00,16.719999313354492
2026-05-22 08:30:00-05:00,16.920000076293945
2026-05-22 08:45:00-05:00,16.84000015258789
2026-05-22 09:00:00-05:00,16.8799991607666
2026-05-22 09:15:00-05:00,16.770000457763672
2026-05-22 09:30:00-05:00,16.649999618530273
2026-05-22 09:45:00-05:00,16.610000610351562
2026-05-22 10:00:00-05:00,16.610000610351562
2026-05-22 10:15:00-05:00,16.559999465942383
2026-05-22 10:30:00-05:00,16.600000381469727
2026-05-22 10:45:00-05:00,16.610000610351562
2026-05-22 11:00:00-05:00,16.559999465942383
2026-05-22 11:15:00-05:00,16.559999465942383
2026-05-22 11:30:00-05:00,16.579999923706055
2026-05-22 11:45:00-05:00,16.510000228881836
2026-05-22 12:00:00-05:00,16.510000228881836
2026-05-22 12:15:00-05:00,17.389999389648438
2026-05-22 12:30:00-05:00,16.579999923706055
2026-05-22 12:45:00-05:00,16.59000015258789
2026-05-22 13:00:00-05:00,16.639999389648438
2026-05-22 13:15:00-05:00,16.600000381469727
2026-05-22 13:30:00-05:00,16.549999237060547
2026-05-22 13:45:00-05:00,16.520000457763672
2026-05-22 14:00:00-05:00,16.700000762939453
2026-05-22 14:15:00-05:00,16.829999923706055
2026-05-22 14:30:00-05:00,16.90999984741211
2026-05-22 14:45:00-05:00,16.809999465942383
2026-05-22 15:00:00-05:00,16.700000762939453
2026-05-25 02:15:00-05:00,16.760000228881836
2026-05-25 02:30:00-05:00,16.729999542236328
2026-05-25 02:45:00-05:00,16.719999313354492
2026-05-25 03:00:00-05:00,16.739999771118164
2026-05-25 03:15:00-05:00,16.700000762939453
2026-05-25 03:30:00-05:00,16.670000076293945
2026-05-25 03:45:00-05:00,16.68000030517578
2026-05-25 04:00:00-05:00,16.690000534057617
2026-05-25 04:15:00-05:00,16.690000534057617
2026-05-25 04:30:00-05:00,16.690000534057617
2026-05-25 04:45:00-05:00,16.700000762939453
2026-05-25 05:00:00-05:00,16.65999984741211
2026-05-25 05:15:00-05:00,16.65999984741211
2026-05-25 05:30:00-05:00,16.639999389648438
2026-05-25 05:45:00-05:00,16.639999389648438
2026-05-25 06:00:00-05:00,16.600000381469727
2026-05-25 06:15:00-05:00,16.610000610351562
2026-05-25 06:30:00-05:00,16.6200008392334
2026-05-25 06:45:00-05:00,16.639999389648438
2026-05-25 07:00:00-05:00,16.639999389648438
2026-05-25 07:15:00-05:00,16.59000015258789
2026-05-25 07:30:00-05:00,16.610000610351562
2026-05-25 07:45:00-05:00,16.6200008392334
2026-05-25 08:00:00-05:00,16.6299991607666
2026-05-25 08:15:00-05:00,16.639999389648438
2026-05-25 08:30:00-05:00,16.639999389648438
2026-05-25 08:45:00-05:00,16.6299991607666
2026-05-25 09:00:00-05:00,16.68000030517578
2026-05-25 09:15:00-05:00,16.68000030517578
2026-05-25 09:30:00-05:00,16.700000762939453
2026-05-25 09:45:00-05:00,16.690000534057617
2026-05-25 10:00:00-05:00,16.59000015258789
2026-05-25 10:15:00-05:00,16.59000015258789
2026-05-25 10:30:00-05:00,16.59000015258789
2026-05-26 02:15:00-05:00,16.8799991607666
2026-05-26 02:30:00-05:00,16.850000381469727
2026-05-26 02:45:00-05:00,16.84000015258789
2026-05-26 03:00:00-05:00,16.81999969482422
2026-05-26 03:15:00-05:00,16.799999237060547
2026-05-26 03:30:00-05:00,16.770000457763672
2026-05-26 03:45:00-05:00,16.790000915527344
2026-05-26 04:00:00-05:00,16.799999237060547
2026-05-26 04:15:00-05:00,16.75
2026-05-26 04:30:00-05:00,16.700000762939453
2026-05-26 04:45:00-05:00,16.690000534057617
2026-05-26 05:00:00-05:00,16.68000030517578
2026-05-26 05:15:00-05:00,16.670000076293945
2026-05-26 05:30:00-05:00,16.6299991607666
2026-05-26 05:45:00-05:00,16.6200008392334
2026-05-26 06:00:00-05:00,16.639999389648438
2026-05-26 06:15:00-05:00,16.6200008392334
2026-05-26 06:30:00-05:00,16.700000762939453
2026-05-26 06:45:00-05:00,16.739999771118164
2026-05-26 07:00:00-05:00,16.729999542236328
2026-05-26 07:15:00-05:00,16.700000762939453
2026-05-26 07:30:00-05:00,16.719999313354492
2026-05-26 07:45:00-05:00,16.760000228881836
2026-05-26 08:00:00-05:00,16.760000228881836
2026-05-26 08:15:00-05:00,16.719999313354492
2026-05-26 08:30:00-05:00,16.760000228881836
2026-05-26 08:45:00-05:00,16.860000610351562
2026-05-26 09:00:00-05:00,16.8799991607666
2026-05-26 09:15:00-05:00,16.93000030517578
2026-05-26 09:30:00-05:00,16.899999618530273
2026-05-26 09:45:00-05:00,16.809999465942383
2026-05-26 10:00:00-05:00,16.780000686645508
2026-05-26 10:15:00-05:00,16.860000610351562
2026-05-26 10:30:00-05:00,16.950000762939453
2026-05-26 10:45:00-05:00,17.149999618530273
2026-05-26 11:00:00-05:00,17.139999389648438
2026-05-26 11:15:00-05:00,16.989999771118164
2026-05-26 11:30:00-05:00,17.049999237060547
2026-05-26 11:45:00-05:00,17.1299991607666
2026-05-26 12:00:00-05:00,17.100000381469727
2026-05-26 12:15:00-05:00,17.190000534057617
2026-05-26 12:30:00-05:00,17.079999923706055
2026-05-26 12:45:00-05:00,17.059999465942383
2026-05-26 13:00:00-05:00,16.969999313354492
2026-05-26 13:15:00-05:00,16.959999084472656
2026-05-26 13:30:00-05:00,17.09000015258789
2026-05-26 13:45:00-05:00,17.110000610351562
2026-05-26 14:00:00-05:00,17.030000686645508
2026-05-26 14:15:00-05:00,17.0
2026-05-26 14:30:00-05:00,16.959999084472656
2026-05-26 14:45:00-05:00,16.940000534057617
2026-05-26 15:00:00-05:00,17.010000228881836
2026-05-27 02:15:00-05:00,17.010000228881836
2026-05-27 02:30:00-05:00,17.010000228881836
2026-05-27 02:45:00-05:00,17.0
2026-05-27 03:00:00-05:00,17.0
2026-05-27 03:15:00-05:00,16.969999313354492
2026-05-27 03:30:00-05:00,16.969999313354492
2026-05-27 03:45:00-05:00,16.959999084472656
2026-05-27 04:00:00-05:00,16.989999771118164
2026-05-27 04:15:00-05:00,17.0
2026-05-27 04:30:00-05:00,16.940000534057617
2026-05-27 04:45:00-05:00,16.920000076293945
2026-05-27 05:00:00-05:00,16.920000076293945
2026-05-27 05:15:00-05:00,16.920000076293945
2026-05-27 05:30:00-05:00,16.899999618530273
2026-05-27 05:45:00-05:00,16.8799991607666
2026-05-27 06:00:00-05:00,16.8799991607666
2026-05-27 06:15:00-05:00,16.8700008392334
2026-05-27 06:30:00-05:00,16.8700008392334
2026-05-27 06:45:00-05:00,16.93000030517578
2026-05-27 07:00:00-05:00,16.920000076293945
2026-05-27 07:15:00-05:00,16.799999237060547
2026-05-27 07:30:00-05:00,16.780000686645508
2026-05-27 07:45:00-05:00,16.809999465942383
2026-05-27 08:00:00-05:00,16.8799991607666
2026-05-27 08:15:00-05:00,16.920000076293945
2026-05-27 08:30:00-05:00,17.06999969482422
2026-05-27 08:45:00-05:00,16.950000762939453
2026-05-27 09:00:00-05:00,16.889999389648438
2026-05-27 09:15:00-05:00,16.989999771118164
2026-05-27 09:30:00-05:00,16.940000534057617
2026-05-27 09:45:00-05:00,16.979999542236328
2026-05-27 10:00:00-05:00,16.920000076293945
2026-05-27 10:15:00-05:00,16.940000534057617
2026-05-27 10:30:00-05:00,16.969999313354492
2026-05-27 10:45:00-05:00,16.950000762939453
2026-05-27 11:00:00-05:00,16.860000610351562
2026-05-27 11:15:00-05:00,16.81999969482422
2026-05-27 11:30:00-05:00,16.670000076293945
2026-05-27 11:45:00-05:00,16.729999542236328
2026-05-27 12:00:00-05:00,16.889999389648438
2026-05-27 12:15:00-05:00,16.770000457763672
2026-05-27 12:30:00-05:00,16.739999771118164
2026-05-27 12:45:00-05:00,16.649999618530273
2026-05-27 13:00:00-05:00,16.6200008392334
2026-05-27 13:15:00-05:00,16.56999969482422
2026-05-27 13:30:00-05:00,16.549999237060547
2026-05-27 13:45:00-05:00,16.489999771118164
2026-05-27 14:00:00-05:00,16.5
2026-05-27 14:15:00-05:00,16.510000228881836
2026-05-27 14:30:00-05:00,16.40999984741211
2026-05-27 14:45:00-05:00,16.329999923706055
2026-05-27 15:00:00-05:00,16.290000915527344
2026-05-28 02:15:00-05:00,16.75
2026-05-28 02:30:00-05:00,16.75
2026-05-28 02:45:00-05:00,16.729999542236328
2026-05-28 03:00:00-05:00,16.68000030517578
2026-05-28 03:15:00-05:00,16.68000030517578
2026-05-28 03:30:00-05:00,16.700000762939453
2026-05-28 03:45:00-05:00,16.690000534057617
2026-05-28 04:00:00-05:00,16.700000762939453
2026-05-28 04:15:00-05:00,16.700000762939453
2026-05-28 04:30:00-05:00,16.690000534057617
2026-05-28 04:45:00-05:00,16.670000076293945
2026-05-28 05:00:00-05:00,16.719999313354492
2026-05-28 05:15:00-05:00,16.739999771118164
2026-05-28 05:30:00-05:00,16.739999771118164
2026-05-28 05:45:00-05:00,16.799999237060547
2026-05-28 06:00:00-05:00,16.790000915527344
2026-05-28 06:15:00-05:00,16.719999313354492
2026-05-28 06:30:00-05:00,16.739999771118164
2026-05-28 06:45:00-05:00,16.719999313354492
2026-05-28 07:00:00-05:00,16.709999084472656
2026-05-28 07:15:00-05:00,16.690000534057617
2026-05-28 07:30:00-05:00,16.579999923706055
2026-05-28 07:45:00-05:00,16.469999313354492
2026-05-28 08:00:00-05:00,16.43000030517578
2026-05-28 08:15:00-05:00,16.389999389648438
2026-05-28 08:30:00-05:00,16.350000381469727
2026-05-28 08:45:00-05:00,16.18000030517578
2026-05-28 09:00:00-05:00,15.979999542236328
2026-05-28 09:15:00-05:00,15.979999542236328
2026-05-28 09:30:00-05:00,16.0
2026-05-28 09:45:00-05:00,16.0
2026-05-28 10:00:00-05:00,16.0
2026-05-28 10:15:00-05:00,15.9399995803833
2026-05-28 10:30:00-05:00,15.970000267028809
2026-05-28 10:45:00-05:00,15.930000305175781
2026-05-28 11:00:00-05:00,15.920000076293945
2026-05-28 11:15:00-05:00,15.880000114440918
2026-05-28 11:30:00-05:00,15.859999656677246
2026-05-28 11:45:00-05:00,15.819999694824219
2026-05-28 12:00:00-05:00,15.84000015258789
2026-05-28 12:15:00-05:00,15.819999694824219
2026-05-28 12:30:00-05:00,15.800000190734863
2026-05-28 12:45:00-05:00,15.739999771118164
2026-05-28 13:00:00-05:00,15.710000038146973
2026-05-28 13:15:00-05:00,15.640000343322754
2026-05-28 13:30:00-05:00,15.6899995803833
2026-05-28 13:45:00-05:00,15.670000076293945
2026-05-28 14:00:00-05:00,15.640000343322754
2026-05-28 14:15:00-05:00,15.609999656677246
2026-05-28 14:30:00-05:00,15.65999984741211
2026-05-28 14:45:00-05:00,15.640000343322754
2026-05-28 15:00:00-05:00,15.760000228881836
2026-05-29 02:15:00-05:00,15.84000015258789
2026-05-29 02:30:00-05:00,15.880000114440918
2026-05-29 02:45:00-05:00,15.829999923706055
2026-05-29 03:00:00-05:00,15.819999694824219
2026-05-29 03:15:00-05:00,15.8100004196167
2026-05-29 03:30:00-05:00,15.8100004196167
2026-05-29 03:45:00-05:00,15.779999732971191
2026-05-29 04:00:00-05:00,15.800000190734863
2026-05-29 04:15:00-05:00,15.829999923706055
2026-05-29 04:30:00-05:00,15.850000381469727
2026-05-29 04:45:00-05:00,15.84000015258789
2026-05-29 05:00:00-05:00,15.859999656677246
2026-05-29 05:15:00-05:00,15.829999923706055
2026-05-29 05:30:00-05:00,15.84000015258789
2026-05-29 05:45:00-05:00,15.84000015258789
2026-05-29 06:00:00-05:00,15.789999961853027
2026-05-29 06:15:00-05:00,15.84000015258789
2026-05-29 06:30:00-05:00,15.800000190734863
2026-05-29 06:45:00-05:00,15.800000190734863
2026-05-29 07:00:00-05:00,15.8100004196167
2026-05-29 07:15:00-05:00,15.779999732971191
2026-05-29 07:30:00-05:00,15.770000457763672
2026-05-29 07:45:00-05:00,15.710000038146973
2026-05-29 08:00:00-05:00,15.710000038146973
2026-05-29 08:15:00-05:00,15.699999809265137
2026-05-29 08:30:00-05:00,15.600000381469727
2026-05-29 08:45:00-05:00,15.600000381469727
2026-05-29 09:00:00-05:00,15.59000015258789
2026-05-29 09:15:00-05:00,15.680000305175781
2026-05-29 09:30:00-05:00,15.739999771118164
2026-05-29 09:45:00-05:00,15.59000015258789
2026-05-29 10:00:00-05:00,15.510000228881836
2026-05-29 10:15:00-05:00,15.40999984741211
2026-05-29 10:30:00-05:00,15.420000076293945
2026-05-29 10:45:00-05:00,15.40999984741211
2026-05-29 11:00:00-05:00,15.369999885559082
2026-05-29 11:15:00-05:00,15.380000114440918
2026-05-29 11:30:00-05:00,15.239999771118164
2026-05-29 11:45:00-05:00,15.289999961853027
2026-05-29 12:00:00-05:00,15.289999961853027
2026-05-29 12:15:00-05:00,15.270000457763672
2026-05-29 12:30:00-05:00,15.279999732971191
2026-05-29 12:45:00-05:00,15.460000038146973
2026-05-29 13:00:00-05:00,15.420000076293945
2026-05-29 13:15:00-05:00,15.3100004196167
2026-05-29 13:30:00-05:00,15.270000457763672
2026-05-29 13:45:00-05:00,15.449999809265137
2026-05-29 14:00:00-05:00,15.420000076293945
2026-05-29 14:15:00-05:00,15.300000190734863
2026-05-29 14:30:00-05:00,15.40999984741211
2026-05-29 14:45:00-05:00,15.329999923706055
2026-05-29 15:00:00-05:00,15.34000015258789
2026-06-01 02:15:00-05:00,15.920000076293945
2026-06-01 02:30:00-05:00,15.960000038146973
2026-06-01 02:45:00-05:00,15.920000076293945
2026-06-01 03:00:00-05:00,15.930000305175781
2026-06-01 03:15:00-05:00,15.9399995803833
2026-06-01 03:30:00-05:00,15.930000305175781
2026-06-01 03:45:00-05:00,15.869999885559082
2026-06-01 04:00:00-05:00,15.869999885559082
2026-06-01 04:15:00-05:00,15.84000015258789
2026-06-01 04:30:00-05:00,15.84000015258789
2026-06-01 04:45:00-05:00,15.829999923706055
2026-06-01 05:00:00-05:00,15.800000190734863
2026-06-01 05:15:00-05:00,15.800000190734863
2026-06-01 05:30:00-05:00,15.770000457763672
2026-06-01 05:45:00-05:00,15.760000228881836
2026-06-01 06:00:00-05:00,15.779999732971191
2026-06-01 06:15:00-05:00,15.770000457763672
2026-06-01 06:30:00-05:00,15.770000457763672
2026-06-01 06:45:00-05:00,15.789999961853027
2026-06-01 07:00:00-05:00,15.829999923706055
2026-06-01 07:15:00-05:00,15.829999923706055
2026-06-01 07:30:00-05:00,15.789999961853027
2026-06-01 07:45:00-05:00,15.819999694824219
2026-06-01 08:00:00-05:00,16.06999969482422
2026-06-01 08:15:00-05:00,16.200000762939453
2026-06-01 08:30:00-05:00,16.110000610351562
2026-06-01 08:45:00-05:00,16.219999313354492
2026-06-01 09:00:00-05:00,16.06999969482422
2026-06-01 09:15:00-05:00,16.06999969482422
2026-06-01 09:30:00-05:00,16.059999465942383
2026-06-01 09:45:00-05:00,16.15999984741211
2026-06-01 10:00:00-05:00,16.06999969482422
2026-06-01 10:15:00-05:00,16.040000915527344
2026-06-01 10:30:00-05:00,15.899999618530273
2026-06-01 10:45:00-05:00,16.020000457763672
2026-06-01 11:00:00-05:00,16.110000610351562
2026-06-01 11:15:00-05:00,16.030000686645508
2026-06-01 11:30:00-05:00,15.979999542236328
2026-06-01 11:45:00-05:00,15.920000076293945
2026-06-01 12:00:00-05:00,16.0
2026-06-01 12:15:00-05:00,15.960000038146973
2026-06-01 12:30:00-05:00,15.829999923706055
2026-06-01 12:45:00-05:00,15.729999542236328
2026-06-01 13:00:00-05:00,15.779999732971191
2026-06-01 13:15:00-05:00,15.739999771118164
2026-06-01 13:30:00-05:00,15.729999542236328
2026-06-01 13:45:00-05:00,15.710000038146973
2026-06-01 14:00:00-05:00,15.800000190734863
2026-06-01 14:15:00-05:00,15.84000015258789
2026-06-01 14:30:00-05:00,15.979999542236328
2026-06-01 14:45:00-05:00,16.0
2026-06-01 15:00:00-05:00,16.049999237060547
2026-06-02 02:15:00-05:00,16.260000228881836
2026-06-02 02:30:00-05:00,16.239999771118164
2026-06-02 02:45:00-05:00,16.229999542236328
2026-06-02 03:00:00-05:00,16.200000762939453
2026-06-02 03:15:00-05:00,16.229999542236328
2026-06-02 03:30:00-05:00,16.200000762939453
2026-06-02 03:45:00-05:00,16.190000534057617
2026-06-02 04:00:00-05:00,16.209999084472656
2026-06-02 04:15:00-05:00,16.200000762939453
2026-06-02 04:30:00-05:00,16.139999389648438
2026-06-02 04:45:00-05:00,16.149999618530273
2026-06-02 05:00:00-05:00,16.139999389648438
2026-06-02 05:15:00-05:00,16.1200008392334
2026-06-02 05:30:00-05:00,16.1299991607666
2026-06-02 05:45:00-05:00,16.1299991607666
2026-06-02 06:00:00-05:00,16.15999984741211
2026-06-02 06:15:00-05:00,16.149999618530273
2026-06-02 06:30:00-05:00,16.139999389648438
2026-06-02 06:45:00-05:00,16.170000076293945
2026-06-02 07:00:00-05:00,16.15999984741211
2026-06-02 07:15:00-05:00,16.139999389648438
2026-06-02 07:30:00-05:00,16.149999618530273
2026-06-02 07:45:00-05:00,16.170000076293945
2026-06-02 08:00:00-05:00,16.25
2026-06-02 08:15:00-05:00,16.18000030517578
2026-06-02 08:30:00-05:00,16.149999618530273
2026-06-02 08:45:00-05:00,16.06999969482422
2026-06-02 09:00:00-05:00,15.989999771118164
2026-06-02 09:15:00-05:00,16.110000610351562
2026-06-02 09:30:00-05:00,16.049999237060547
2026-06-02 09:45:00-05:00,16.010000228881836
2026-06-02 10:00:00-05:00,15.989999771118164
2026-06-02 10:15:00-05:00,16.010000228881836
2026-06-02 10:30:00-05:00,16.040000915527344
2026-06-02 10:45:00-05:00,16.030000686645508
2026-06-02 11:00:00-05:00,15.970000267028809
2026-06-02 11:15:00-05:00,16.030000686645508
2026-06-02 11:30:00-05:00,15.979999542236328
2026-06-02 11:45:00-05:00,15.920000076293945
2026-06-02 12:00:00-05:00,15.920000076293945
2026-06-02 12:15:00-05:00,16.049999237060547
2026-06-02 12:30:00-05:00,15.989999771118164
2026-06-02 12:45:00-05:00,15.970000267028809
2026-06-02 13:00:00-05:00,15.890000343322754
2026-06-02 13:15:00-05:00,15.84000015258789
2026-06-02 13:30:00-05:00,15.850000381469727
2026-06-02 13:45:00-05:00,15.779999732971191
2026-06-02 14:00:00-05:00,15.800000190734863
2026-06-02 14:15:00-05:00,15.850000381469727
2026-06-02 14:30:00-05:00,15.859999656677246
2026-06-02 14:45:00-05:00,15.789999961853027
2026-06-02 15:00:00-05:00,15.779999732971191
2026-06-03 02:15:00-05:00,16.010000228881836
2026-06-03 02:30:00-05:00,16.06999969482422
2026-06-03 02:45:00-05:00,16.079999923706055
2026-06-03 03:00:00-05:00,16.079999923706055
2026-06-03 03:15:00-05:00,16.100000381469727
2026-06-03 03:30:00-05:00,16.09000015258789
2026-06-03 03:45:00-05:00,16.09000015258789
2026-06-03 04:00:00-05:00,16.049999237060547
2026-06-03 04:15:00-05:00,16.049999237060547
2026-06-03 04:30:00-05:00,16.06999969482422
2026-06-03 04:45:00-05:00,16.110000610351562
2026-06-03 05:00:00-05:00,16.040000915527344
2026-06-03 05:15:00-05:00,16.049999237060547
2026-06-03 05:30:00-05:00,16.110000610351562
2026-06-03 05:45:00-05:00,16.06999969482422
2026-06-03 06:00:00-05:00,16.110000610351562
2026-06-03 06:15:00-05:00,16.040000915527344
2026-06-03 06:30:00-05:00,16.040000915527344
2026-06-03 06:45:00-05:00,16.049999237060547
2026-06-03 07:00:00-05:00,16.040000915527344
2026-06-03 07:15:00-05:00,16.1200008392334
2026-06-03 07:30:00-05:00,16.190000534057617
2026-06-03 07:45:00-05:00,16.229999542236328
2026-06-03 08:00:00-05:00,16.25
2026-06-03 08:15:00-05:00,16.229999542236328
2026-06-03 08:30:00-05:00,16.350000381469727
2026-06-03 08:45:00-05:00,16.3799991607666
2026-06-03 09:00:00-05:00,16.110000610351562
2026-06-03 09:15:00-05:00,16.0
2026-06-03 09:30:00-05:00,16.010000228881836
2026-06-03 09:45:00-05:00,16.079999923706055
2026-06-03 10:00:00-05:00,16.09000015258789
2026-06-03 10:15:00-05:00,16.06999969482422
2026-06-03 10:30:00-05:00,16.219999313354492
2026-06-03 10:45:00-05:00,16.239999771118164
2026-06-03 11:00:00-05:00,16.260000228881836
2026-06-03 11:15:00-05:00,16.389999389648438
2026-06-03 11:30:00-05:00,16.40999984741211
2026-06-03 11:45:00-05:00,16.260000228881836
2026-06-03 12:00:00-05:00,16.309999465942383
2026-06-03 12:15:00-05:00,16.25
2026-06-03 12:30:00-05:00,16.149999618530273
2026-06-03 12:45:00-05:00,16.059999465942383
2026-06-03 13:00:00-05:00,16.100000381469727
2026-06-03 13:15:00-05:00,16.0
2026-06-03 13:30:00-05:00,16.049999237060547
2026-06-03 13:45:00-05:00,16.059999465942383
2026-06-03 14:00:00-05:00,16.139999389648438
2026-06-03 14:15:00-05:00,16.149999618530273
2026-06-03 14:30:00-05:00,15.970000267028809
2026-06-03 14:45:00-05:00,16.049999237060547
2026-06-03 15:00:00-05:00,16.100000381469727
2026-06-04 02:15:00-05:00,16.31999969482422
2026-06-04 02:30:00-05:00,16.309999465942383
2026-06-04 02:45:00-05:00,16.309999465942383
2026-06-04 03:00:00-05:00,16.43000030517578
2026-06-04 03:15:00-05:00,16.389999389648438
2026-06-04 03:30:00-05:00,16.399999618530273
2026-06-04 03:45:00-05:00,16.450000762939453
2026-06-04 04:00:00-05:00,16.56999969482422
2026-06-04 04:15:00-05:00,16.459999084472656
2026-06-04 04:30:00-05:00,16.399999618530273
2026-06-04 04:45:00-05:00,16.360000610351562
2026-06-04 05:00:00-05:00,16.440000534057617
2026-06-04 05:15:00-05:00,16.59000015258789
2026-06-04 05:30:00-05:00,16.6299991607666
2026-06-04 05:45:00-05:00,16.670000076293945
2026-06-04 06:00:00-05:00,16.559999465942383
2026-06-04 06:15:00-05:00,16.559999465942383
2026-06-04 06:30:00-05:00,16.68000030517578
2026-06-04 06:45:00-05:00,16.510000228881836
2026-06-04 07:00:00-05:00,16.600000381469727
2026-06-04 07:15:00-05:00,16.520000457763672
2026-06-04 07:30:00-05:00,16.459999084472656
2026-06-04 07:45:00-05:00,16.3700008392334
2026-06-04 08:00:00-05:00,16.389999389648438
2026-06-04 08:15:00-05:00,16.34000015258789
2026-06-04 08:30:00-05:00,16.190000534057617
2026-06-04 08:45:00-05:00,15.970000267028809
2026-06-04 09:00:00-05:00,15.800000190734863
2026-06-04 09:15:00-05:00,15.6899995803833
2026-06-04 09:30:00-05:00,15.800000190734863
2026-06-04 09:45:00-05:00,15.739999771118164
2026-06-04 10:00:00-05:00,15.640000343322754
2026-06-04 10:15:00-05:00,15.65999984741211
2026-06-04 10:30:00-05:00,15.680000305175781
2026-06-04 10:45:00-05:00,15.609999656677246
2026-06-04 11:00:00-05:00,15.550000190734863
2026-06-04 11:15:00-05:00,15.550000190734863
2026-06-04 11:30:00-05:00,15.470000267028809
2026-06-04 11:45:00-05:00,15.449999809265137
2026-06-04 12:00:00-05:00,15.420000076293945
2026-06-04 12:15:00-05:00,15.399999618530273
2026-06-04 12:30:00-05:00,15.399999618530273
2026-06-04 12:45:00-05:00,15.34000015258789
2026-06-04 13:00:00-05:00,15.369999885559082
2026-06-04 13:15:00-05:00,15.390000343322754
2026-06-04 13:30:00-05:00,15.369999885559082
2026-06-04 13:45:00-05:00,15.369999885559082
2026-06-04 14:00:00-05:00,15.359999656677246
2026-06-04 14:15:00-05:00,15.279999732971191
2026-06-04 14:30:00-05:00,15.279999732971191
2026-06-04 14:45:00-05:00,15.1899995803833
2026-06-04 15:00:00-05:00,15.390000343322754
2026-06-05 02:15:00-05:00,15.8100004196167
2026-06-05 02:30:00-05:00,15.770000457763672
2026-06-05 02:45:00-05:00,15.760000228881836
2026-06-05 03:00:00-05:00,15.739999771118164
2026-06-05 03:15:00-05:00,15.680000305175781
2026-06-05 03:30:00-05:00,15.710000038146973
2026-06-05 03:45:00-05:00,15.729999542236328
2026-06-05 04:00:00-05:00,15.630000114440918
2026-06-05 04:15:00-05:00,15.6899995803833
2026-06-05 04:30:00-05:00,15.699999809265137
2026-06-05 04:45:00-05:00,15.699999809265137
2026-06-05 05:00:00-05:00,15.680000305175781
2026-06-05 05:15:00-05:00,15.649999618530273
2026-06-05 05:30:00-05:00,15.630000114440918
2026-06-05 05:45:00-05:00,15.649999618530273
2026-06-05 06:00:00-05:00,15.619999885559082
2026-06-05 06:15:00-05:00,15.630000114440918
2026-06-05 06:30:00-05:00,15.649999618530273
2026-06-05 06:45:00-05:00,15.710000038146973
2026-06-05 07:00:00-05:00,15.779999732971191
2026-06-05 07:15:00-05:00,15.729999542236328
2026-06-05 07:30:00-05:00,15.729999542236328
2026-06-05 07:45:00-05:00,15.890000343322754
2026-06-05 08:00:00-05:00,15.9399995803833
2026-06-05 08:15:00-05:00,15.949999809265137
2026-06-05 08:30:00-05:00,16.280000686645508
2026-06-05 08:45:00-05:00,16.690000534057617
2026-06-05 09:00:00-05:00,16.489999771118164
2026-06-05 09:15:00-05:00,16.600000381469727
2026-06-05 09:30:00-05:00,16.40999984741211
2026-06-05 09:45:00-05:00,16.229999542236328
2026-06-05 10:00:00-05:00,16.540000915527344
2026-06-05 10:15:00-05:00,16.579999923706055
2026-06-05 10:30:00-05:00,17.020000457763672
2026-06-05 10:45:00-05:00,17.209999084472656
2026-06-05 11:00:00-05:00,17.860000610351562
2026-06-05 11:15:00-05:00,18.100000381469727
2026-06-05 11:30:00-05:00,18.93000030517578
2026-06-05 11:45:00-05:00,18.549999237060547
2026-06-05 12:00:00-05:00,18.709999084472656
2026-06-05 12:15:00-05:00,18.399999618530273
2026-06-05 12:30:00-05:00,18.239999771118164
2026-06-05 12:45:00-05:00,17.920000076293945
2026-06-05 13:00:00-05:00,18.639999389648438
2026-06-05 13:15:00-05:00,19.030000686645508
2026-06-05 13:30:00-05:00,19.389999389648438
2026-06-05 13:45:00-05:00,19.790000915527344
2026-06-05 14:00:00-05:00,20.469999313354492
2026-06-05 14:15:00-05:00,20.489999771118164
2026-06-05 14:30:00-05:00,20.43000030517578
2026-06-05 14:45:00-05:00,20.18000030517578
2026-06-05 15:00:00-05:00,21.56999969482422
2026-06-08 02:15:00-05:00,19.989999771118164
2026-06-08 02:30:00-05:00,19.8700008392334
2026-06-08 02:45:00-05:00,19.84000015258789
2026-06-08 03:00:00-05:00,19.90999984741211
2026-06-08 03:15:00-05:00,19.90999984741211
2026-06-08 03:30:00-05:00,19.940000534057617
2026-06-08 03:45:00-05:00,19.93000030517578
2026-06-08 04:00:00-05:00,19.950000762939453
2026-06-08 04:15:00-05:00,19.90999984741211
2026-06-08 04:30:00-05:00,19.700000762939453
2026-06-08 04:45:00-05:00,19.579999923706055
2026-06-08 05:00:00-05:00,19.639999389648438
2026-06-08 05:15:00-05:00,19.700000762939453
2026-06-08 05:30:00-05:00,19.549999237060547
2026-06-08 05:45:00-05:00,19.450000762939453
2026-06-08 06:00:00-05:00,19.139999389648438
2026-06-08 06:15:00-05:00,18.920000076293945
2026-06-08 06:30:00-05:00,18.860000610351562
2026-06-08 06:45:00-05:00,18.920000076293945
2026-06-08 07:00:00-05:00,18.780000686645508
2026-06-08 07:15:00-05:00,18.780000686645508
2026-06-08 07:30:00-05:00,18.780000686645508
2026-06-08 07:45:00-05:00,18.75
2026-06-08 08:00:00-05:00,18.690000534057617
2026-06-08 08:15:00-05:00,18.729999542236328
2026-06-08 08:30:00-05:00,18.75
2026-06-08 08:45:00-05:00,18.989999771118164
2026-06-08 09:00:00-05:00,18.809999465942383
2026-06-08 09:15:00-05:00,18.530000686645508
2026-06-08 09:30:00-05:00,18.420000076293945
2026-06-08 09:45:00-05:00,18.010000228881836
2026-06-08 10:00:00-05:00,18.06999969482422
2026-06-08 10:15:00-05:00,18.559999465942383
2026-06-08 10:30:00-05:00,18.299999237060547
2026-06-08 10:45:00-05:00,18.469999313354492
2026-06-08 11:00:00-05:00,18.360000610351562
2026-06-08 11:15:00-05:00,18.549999237060547
2026-06-08 11:30:00-05:00,18.459999084472656
2026-06-08 11:45:00-05:00,18.43000030517578
2026-06-08 12:00:00-05:00,18.709999084472656
2026-06-08 12:15:00-05:00,18.43000030517578
2026-06-08 12:30:00-05:00,18.690000534057617
2026-06-08 12:45:00-05:00,18.59000015258789
2026-06-08 13:00:00-05:00,18.469999313354492
2026-06-08 13:15:00-05:00,18.40999984741211
2026-06-08 13:30:00-05:00,18.6299991607666
2026-06-08 13:45:00-05:00,18.639999389648438
2026-06-08 14:00:00-05:00,18.889999389648438
2026-06-08 14:15:00-05:00,19.040000915527344
2026-06-08 14:30:00-05:00,18.809999465942383
2026-06-08 14:45:00-05:00,18.690000534057617
2026-06-08 15:00:00-05:00,18.920000076293945
2026-06-09 02:15:00-05:00,18.280000686645508
2026-06-09 02:30:00-05:00,18.229999542236328
2026-06-09 02:45:00-05:00,18.290000915527344
2026-06-09 03:00:00-05:00,18.110000610351562
2026-06-09 03:15:00-05:00,18.100000381469727
2026-06-09 03:30:00-05:00,18.09000015258789
2026-06-09 03:45:00-05:00,18.18000030517578
2026-06-09 04:00:00-05:00,18.06999969482422
2026-06-09 04:15:00-05:00,18.020000457763672
2026-06-09 04:30:00-05:00,18.030000686645508
2026-06-09 04:45:00-05:00,18.020000457763672
2026-06-09 05:00:00-05:00,18.100000381469727
2026-06-09 05:15:00-05:00,18.059999465942383
2026-06-09 05:30:00-05:00,18.110000610351562
2026-06-09 05:45:00-05:00,18.010000228881836
2026-06-09 06:00:00-05:00,18.030000686645508
2026-06-09 06:15:00-05:00,18.06999969482422
2026-06-09 06:30:00-05:00,17.969999313354492
2026-06-09 06:45:00-05:00,18.09000015258789
2026-06-09 07:00:00-05:00,18.170000076293945
2026-06-09 07:15:00-05:00,18.139999389648438
2026-06-09 07:30:00-05:00,18.059999465942383
2026-06-09 07:45:00-05:00,18.059999465942383
2026-06-09 08:00:00-05:00,18.0
2026-06-09 08:15:00-05:00,18.059999465942383
2026-06-09 08:30:00-05:00,17.65999984741211
2026-06-09 08:45:00-05:00,17.770000457763672
2026-06-09 09:00:00-05:00,18.170000076293945
2026-06-09 09:15:00-05:00,18.389999389648438
2026-06-09 09:30:00-05:00,18.969999313354492
2026-06-09 09:45:00-05:00,18.989999771118164
2026-06-09 10:00:00-05:00,19.0
2026-06-09 10:15:00-05:00,20.59000015258789
2026-06-09 10:30:00-05:00,20.079999923706055
2026-06-09 10:45:00-05:00,20.8799991607666
2026-06-09 11:00:00-05:00,21.329999923706055
2026-06-09 11:15:00-05:00,21.780000686645508
2026-06-09 11:30:00-05:00,22.979999542236328
2026-06-09 11:45:00-05:00,22.280000686645508
2026-06-09 12:00:00-05:00,21.690000534057617
2026-06-09 12:15:00-05:00,20.93000030517578
2026-06-09 12:30:00-05:00,20.350000381469727
2026-06-09 12:45:00-05:00,20.440000534057617
2026-06-09 13:00:00-05:00,20.139999389648438
2026-06-09 13:15:00-05:00,19.75
2026-06-09 13:30:00-05:00,19.90999984741211
2026-06-09 13:45:00-05:00,19.440000534057617
2026-06-09 14:00:00-05:00,19.799999237060547
2026-06-09 14:15:00-05:00,19.959999084472656
2026-06-09 14:30:00-05:00,20.170000076293945
2026-06-09 14:45:00-05:00,19.770000457763672
2026-06-09 15:00:00-05:00,19.8700008392334
2026-06-10 02:15:00-05:00,20.229999542236328
2026-06-10 02:30:00-05:00,20.139999389648438
2026-06-10 02:45:00-05:00,20.09000015258789
2026-06-10 03:00:00-05:00,20.350000381469727
2026-06-10 03:15:00-05:00,20.459999084472656
2026-06-10 03:30:00-05:00,20.81999969482422
2026-06-10 03:45:00-05:00,20.979999542236328
2026-06-10 04:00:00-05:00,21.309999465942383
2026-06-10 04:15:00-05:00,21.0
2026-06-10 04:30:00-05:00,21.079999923706055
2026-06-10 04:45:00-05:00,20.979999542236328
2026-06-10 05:00:00-05:00,21.010000228881836
2026-06-10 05:15:00-05:00,21.079999923706055
2026-06-10 05:30:00-05:00,20.950000762939453
2026-06-10 05:45:00-05:00,20.8799991607666
2026-06-10 06:00:00-05:00,21.450000762939453
2026-06-10 06:15:00-05:00,21.90999984741211
2026-06-10 06:30:00-05:00,22.239999771118164
2026-06-10 06:45:00-05:00,21.829999923706055
2026-06-10 07:00:00-05:00,21.790000915527344
2026-06-10 07:15:00-05:00,21.59000015258789
2026-06-10 07:30:00-05:00,20.889999389648438
2026-06-10 07:45:00-05:00,21.020000457763672
2026-06-10 08:00:00-05:00,21.020000457763672
2026-06-10 08:15:00-05:00,20.969999313354492
2026-06-10 08:30:00-05:00,20.229999542236328
2026-06-10 08:45:00-05:00,20.440000534057617
2026-06-10 09:00:00-05:00,20.280000686645508
2026-06-10 09:15:00-05:00,20.3799991607666
2026-06-10 09:30:00-05:00,20.760000228881836
2026-06-10 09:45:00-05:00,21.389999389648438
2026-06-10 10:00:00-05:00,21.940000534057617
2026-06-10 10:15:00-05:00,21.540000915527344
2026-06-10 10:30:00-05:00,21.450000762939453
2026-06-10 10:45:00-05:00,21.8700008392334
2026-06-10 11:00:00-05:00,22.18000030517578
2026-06-10 11:15:00-05:00,21.969999313354492
2026-06-10 11:30:00-05:00,21.670000076293945
2026-06-10 11:45:00-05:00,21.760000228881836
2026-06-10 12:00:00-05:00,22.0
2026-06-10 12:15:00-05:00,21.610000610351562
2026-06-10 12:30:00-05:00,21.93000030517578
2026-06-10 12:45:00-05:00,21.260000228881836
2026-06-10 13:00:00-05:00,21.100000381469727
2026-06-10 13:15:00-05:00,21.270000457763672
2026-06-10 13:30:00-05:00,21.530000686645508
2026-06-10 13:45:00-05:00,21.770000457763672
2026-06-10 14:00:00-05:00,22.040000915527344
2026-06-10 14:15:00-05:00,22.170000076293945
2026-06-10 14:30:00-05:00,21.780000686645508
2026-06-10 14:45:00-05:00,22.079999923706055
2026-06-10 15:00:00-05:00,22.219999313354492
2026-06-11 02:15:00-05:00,20.979999542236328
2026-06-11 02:30:00-05:00,20.8700008392334
2026-06-11 02:45:00-05:00,20.90999984741211
2026-06-11 03:00:00-05:00,20.600000381469727
2026-06-11 03:15:00-05:00,20.690000534057617
2026-06-11 03:30:00-05:00,20.600000381469727
2026-06-11 03:45:00-05:00,20.56999969482422
2026-06-11 04:00:00-05:00,20.600000381469727
2026-06-11 04:15:00-05:00,20.639999389648438
2026-06-11 04:30:00-05:00,20.6299991607666
2026-06-11 04:45:00-05:00,20.639999389648438
2026-06-11 05:00:00-05:00,20.709999084472656
2026-06-11 05:15:00-05:00,20.770000457763672
2026-06-11 05:30:00-05:00,20.760000228881836
2026-06-11 05:45:00-05:00,20.850000381469727
2026-06-11 06:00:00-05:00,21.100000381469727
2026-06-11 06:15:00-05:00,21.06999969482422
2026-06-11 06:30:00-05:00,20.829999923706055
2026-06-11 06:45:00-05:00,20.729999542236328
2026-06-11 07:00:00-05:00,20.729999542236328
2026-06-11 07:15:00-05:00,21.450000762939453
2026-06-11 07:30:00-05:00,21.459999084472656
2026-06-11 07:45:00-05:00,21.1299991607666
2026-06-11 08:00:00-05:00,21.360000610351562
2026-06-11 08:15:00-05:00,21.309999465942383
2026-06-11 08:30:00-05:00,21.520000457763672
2026-06-11 08:45:00-05:00,21.09000015258789
2026-06-11 09:00:00-05:00,21.43000030517578
2026-06-11 09:15:00-05:00,21.25
2026-06-11 09:30:00-05:00,21.290000915527344
2026-06-11 09:45:00-05:00,22.31999969482422
2026-06-11 10:00:00-05:00,21.809999465942383
2026-06-11 10:15:00-05:00,21.920000076293945
2026-06-11 10:30:00-05:00,21.940000534057617
2026-06-11 10:45:00-05:00,21.780000686645508
2026-06-11 11:00:00-05:00,21.3799991607666
2026-06-11 11:15:00-05:00,21.59000015258789
2026-06-11 11:30:00-05:00,21.329999923706055
2026-06-11 11:45:00-05:00,21.479999542236328
2026-06-11 12:00:00-05:00,21.540000915527344
2026-06-11 12:15:00-05:00,20.75
2026-06-11 12:30:00-05:00,19.68000030517578
2026-06-11 12:45:00-05:00,19.760000228881836
2026-06-11 13:00:00-05:00,20.020000457763672
2026-06-11 13:15:00-05:00,19.899999618530273
2026-06-11 13:30:00-05:00,19.739999771118164
2026-06-11 13:45:00-05:00,19.6299991607666
2026-06-11 14:00:00-05:00,19.670000076293945
2026-06-11 14:15:00-05:00,19.600000381469727
2026-06-11 14:30:00-05:00,19.479999542236328
2026-06-11 14:45:00-05:00,19.540000915527344
2026-06-11 15:00:00-05:00,19.450000762939453
2026-06-12 02:15:00-05:00,19.469999313354492
2026-06-12 02:30:00-05:00,19.25
2026-06-12 02:45:00-05:00,19.059999465942383
2026-06-12 03:00:00-05:00,18.8700008392334
2026-06-12 03:15:00-05:00,18.65999984741211
2026-06-12 03:30:00-05:00,18.84000015258789
2026-06-12 03:45:00-05:00,18.829999923706055
2026-06-12 04:00:00-05:00,18.729999542236328
2026-06-12 04:15:00-05:00,18.600000381469727
2026-06-12 04:30:00-05:00,18.540000915527344
2026-06-12 04:45:00-05:00,18.579999923706055
2026-06-12 05:00:00-05:00,18.809999465942383
2026-06-12 05:15:00-05:00,19.139999389648438
2026-06-12 05:30:00-05:00,19.110000610351562
2026-06-12 05:45:00-05:00,19.149999618530273
2026-06-12 06:00:00-05:00,19.049999237060547
2026-06-12 06:15:00-05:00,18.899999618530273
2026-06-12 06:30:00-05:00,18.84000015258789
2026-06-12 06:45:00-05:00,18.84000015258789
2026-06-12 07:00:00-05:00,19.010000228881836
2026-06-12 07:15:00-05:00,19.170000076293945
2026-06-12 07:30:00-05:00,19.40999984741211
2026-06-12 07:45:00-05:00,19.43000030517578
2026-06-12 08:00:00-05:00,19.360000610351562
2026-06-12 08:15:00-05:00,19.260000228881836
2026-06-12 08:30:00-05:00,19.610000610351562
2026-06-12 08:45:00-05:00,19.31999969482422
2026-06-12 09:00:00-05:00,18.959999084472656
2026-06-12 09:15:00-05:00,18.969999313354492
2026-06-12 09:30:00-05:00,19.290000915527344
2026-06-12 09:45:00-05:00,18.770000457763672
2026-06-12 10:00:00-05:00,18.610000610351562
2026-06-12 10:15:00-05:00,18.559999465942383
2026-06-12 10:30:00-05:00,19.200000762939453
2026-06-12 10:45:00-05:00,19.479999542236328
2026-06-12 11:00:00-05:00,18.780000686645508
2026-06-12 11:15:00-05:00,18.93000030517578
2026-06-12 11:30:00-05:00,18.790000915527344
2026-06-12 11:45:00-05:00,18.610000610351562
2026-06-12 12:00:00-05:00,18.549999237060547
2026-06-12 12:15:00-05:00,18.329999923706055
2026-06-12 12:30:00-05:00,18.290000915527344
2026-06-12 12:45:00-05:00,18.260000228881836
2026-06-12 13:00:00-05:00,18.260000228881836
2026-06-12 13:15:00-05:00,18.329999923706055
2026-06-12 13:30:00-05:00,18.200000762939453
2026-06-12 13:45:00-05:00,18.190000534057617
2026-06-12 14:00:00-05:00,18.260000228881836
2026-06-12 14:15:00-05:00,18.280000686645508
2026-06-12 14:30:00-05:00,18.149999618530273
2026-06-12 14:45:00-05:00,17.75
2026-06-12 15:00:00-05:00,17.690000534057617
2026-06-15 02:15:00-05:00,16.719999313354492
2026-06-15 02:30:00-05:00,16.739999771118164
2026-06-15 02:45:00-05:00,16.829999923706055
2026-06-15 03:00:00-05:00,16.709999084472656
2026-06-15 03:15:00-05:00,16.649999618530273
2026-06-15 03:30:00-05:00,16.65999984741211
2026-06-15 03:45:00-05:00,16.690000534057617
2026-06-15 04:00:00-05:00,16.709999084472656
2026-06-15 04:15:00-05:00,16.809999465942383
2026-06-15 04:30:00-05:00,16.81999969482422
2026-06-15 04:45:00-05:00,16.770000457763672
2026-06-15 05:00:00-05:00,16.739999771118164
2026-06-15 05:15:00-05:00,16.75
2026-06-15 05:30:00-05:00,16.780000686645508
2026-06-15 05:45:00-05:00,16.780000686645508
2026-06-15 06:00:00-05:00,16.700000762939453
2026-06-15 06:15:00-05:00,16.649999618530273
2026-06-15 06:30:00-05:00,16.719999313354492
2026-06-15 06:45:00-05:00,16.6200008392334
2026-06-15 07:00:00-05:00,16.6299991607666
2026-06-15 07:15:00-05:00,16.639999389648438
2026-06-15 07:30:00-05:00,16.520000457763672
2026-06-15 07:45:00-05:00,16.43000030517578
2026-06-15 08:00:00-05:00,16.299999237060547
2026-06-15 08:15:00-05:00,16.280000686645508
2026-06-15 08:30:00-05:00,16.34000015258789
2026-06-15 08:45:00-05:00,16.420000076293945
2026-06-15 09:00:00-05:00,16.399999618530273
2026-06-15 09:15:00-05:00,16.290000915527344
2026-06-15 09:30:00-05:00,16.270000457763672
2026-06-15 09:45:00-05:00,16.239999771118164
2026-06-15 10:00:00-05:00,16.270000457763672
2026-06-15 10:15:00-05:00,16.34000015258789
2026-06-15 10:30:00-05:00,16.350000381469727
2026-06-15 10:45:00-05:00,16.309999465942383
2026-06-15 11:00:00-05:00,16.309999465942383
2026-06-15 11:15:00-05:00,16.1200008392334
2026-06-15 11:30:00-05:00,16.040000915527344
2026-06-15 11:45:00-05:00,16.0
2026-06-15 12:00:00-05:00,16.06999969482422
2026-06-15 12:15:00-05:00,16.09000015258789
2026-06-15 12:30:00-05:00,16.139999389648438
2026-06-15 12:45:00-05:00,16.229999542236328
2026-06-15 13:00:00-05:00,16.239999771118164
2026-06-15 13:15:00-05:00,16.229999542236328
2026-06-15 13:30:00-05:00,16.170000076293945
2026-06-15 13:45:00-05:00,16.1200008392334
2026-06-15 14:00:00-05:00,16.1200008392334
2026-06-15 14:15:00-05:00,16.1299991607666
2026-06-15 14:30:00-05:00,16.079999923706055
2026-06-15 14:45:00-05:00,16.049999237060547
2026-06-15 15:00:00-05:00,16.200000762939453
2026-06-16 02:15:00-05:00,16.15999984741211
2026-06-16 02:30:00-05:00,16.190000534057617
2026-06-16 02:45:00-05:00,16.18000030517578
2026-06-16 03:00:00-05:00,16.139999389648438
2026-06-16 03:15:00-05:00,16.110000610351562
2026-06-16 03:30:00-05:00,16.139999389648438
2026-06-16 03:45:00-05:00,16.079999923706055
2026-06-16 04:00:00-05:00,16.09000015258789
2026-06-16 04:15:00-05:00,16.110000610351562
2026-06-16 04:30:00-05:00,16.149999618530273
2026-06-16 04:45:00-05:00,16.15999984741211
2026-06-16 05:00:00-05:00,16.15999984741211
2026-06-16 05:15:00-05:00,16.18000030517578
2026-06-16 05:30:00-05:00,16.18000030517578
2026-06-16 05:45:00-05:00,16.170000076293945
2026-06-16 06:00:00-05:00,16.15999984741211
2026-06-16 06:15:00-05:00,16.149999618530273
2026-06-16 06:30:00-05:00,16.139999389648438
2026-06-16 06:45:00-05:00,16.139999389648438
2026-06-16 07:00:00-05:00,16.079999923706055
2026-06-16 07:15:00-05:00,16.139999389648438
2026-06-16 07:30:00-05:00,16.1299991607666
2026-06-16 07:45:00-05:00,16.079999923706055
2026-06-16 08:00:00-05:00,16.110000610351562
2026-06-16 08:15:00-05:00,16.079999923706055
2026-06-16 08:30:00-05:00,16.030000686645508
2026-06-16 08:45:00-05:00,15.970000267028809
2026-06-16 09:00:00-05:00,15.8100004196167
2026-06-16 09:15:00-05:00,16.079999923706055
2026-06-16 09:30:00-05:00,15.979999542236328
2026-06-16 09:45:00-05:00,15.989999771118164
2026-06-16 10:00:00-05:00,15.829999923706055
2026-06-16 10:15:00-05:00,15.960000038146973
2026-06-16 10:30:00-05:00,15.979999542236328
2026-06-16 10:45:00-05:00,15.949999809265137
2026-06-16 11:00:00-05:00,15.84000015258789
2026-06-16 11:15:00-05:00,15.880000114440918
2026-06-16 11:30:00-05:00,15.880000114440918
2026-06-16 11:45:00-05:00,15.989999771118164
2026-06-16 12:00:00-05:00,15.890000343322754
2026-06-16 12:15:00-05:00,15.890000343322754
2026-06-16 12:30:00-05:00,15.859999656677246
2026-06-16 12:45:00-05:00,15.859999656677246
2026-06-16 13:00:00-05:00,15.869999885559082
2026-06-16 13:15:00-05:00,15.829999923706055
2026-06-16 13:30:00-05:00,15.850000381469727
2026-06-16 13:45:00-05:00,15.949999809265137
2026-06-16 14:00:00-05:00,16.15999984741211
2026-06-16 14:15:00-05:00,16.06999969482422
2026-06-16 14:30:00-05:00,16.110000610351562
2026-06-16 14:45:00-05:00,16.309999465942383
2026-06-16 15:00:00-05:00,16.40999984741211
2026-06-17 02:15:00-05:00,16.209999084472656
2026-06-17 02:30:00-05:00,16.209999084472656
2026-06-17 02:45:00-05:00,16.229999542236328
2026-06-17 03:00:00-05:00,16.34000015258789
2026-06-17 03:15:00-05:00,16.329999923706055
2026-06-17 03:30:00-05:00,16.43000030517578
2026-06-17 03:45:00-05:00,16.31999969482422
2026-06-17 04:00:00-05:00,16.34000015258789
2026-06-17 04:15:00-05:00,16.280000686645508
2026-06-17 04:30:00-05:00,16.329999923706055
2026-06-17 04:45:00-05:00,16.399999618530273
2026-06-17 05:00:00-05:00,16.479999542236328
2026-06-17 05:15:00-05:00,16.420000076293945
2026-06-17 05:30:00-05:00,16.389999389648438
2026-06-17 05:45:00-05:00,16.43000030517578
2026-06-17 06:00:00-05:00,16.34000015258789
2026-06-17 06:15:00-05:00,16.3700008392334
2026-06-17 06:30:00-05:00,16.420000076293945
2026-06-17 06:45:00-05:00,16.450000762939453
2026-06-17 07:00:00-05:00,16.34000015258789
2026-06-17 07:15:00-05:00,16.3700008392334
2026-06-17 07:30:00-05:00,16.040000915527344
2026-06-17 07:45:00-05:00,16.049999237060547
2026-06-17 08:00:00-05:00,16.079999923706055
2026-06-17 08:15:00-05:00,16.059999465942383
2026-06-17 08:30:00-05:00,16.280000686645508
2026-06-17 08:45:00-05:00,16.600000381469727
2026-06-17 09:00:00-05:00,16.479999542236328
2026-06-17 09:15:00-05:00,16.440000534057617
2026-06-17 09:30:00-05:00,16.639999389648438
2026-06-17 09:45:00-05:00,16.84000015258789
2026-06-17 10:00:00-05:00,16.8700008392334
2026-06-17 10:15:00-05:00,16.90999984741211
2026-06-17 10:30:00-05:00,16.860000610351562
2026-06-17 10:45:00-05:00,16.829999923706055
2026-06-17 11:00:00-05:00,16.8700008392334
2026-06-17 11:15:00-05:00,16.829999923706055
2026-06-17 11:30:00-05:00,16.8700008392334
2026-06-17 11:45:00-05:00,16.899999618530273
2026-06-17 12:00:00-05:00,16.950000762939453
2026-06-17 12:15:00-05:00,16.84000015258789
2026-06-17 12:30:00-05:00,16.850000381469727
2026-06-17 12:45:00-05:00,16.549999237060547
2026-06-17 13:00:00-05:00,17.43000030517578
2026-06-17 13:15:00-05:00,17.770000457763672
2026-06-17 13:30:00-05:00,16.709999084472656
2026-06-17 13:45:00-05:00,17.43000030517578
2026-06-17 14:00:00-05:00,17.260000228881836
2026-06-17 14:15:00-05:00,18.229999542236328
2026-06-17 14:30:00-05:00,18.719999313354492
2026-06-17 14:45:00-05:00,18.43000030517578
2026-06-17 15:00:00-05:00,18.43000030517578
2026-06-18 02:15:00-05:00,17.110000610351562
2026-06-18 02:30:00-05:00,17.1299991607666
2026-06-18 02:45:00-05:00,17.079999923706055
2026-06-18 03:00:00-05:00,16.940000534057617
2026-06-18 03:15:00-05:00,17.079999923706055
2026-06-18 03:30:00-05:00,17.030000686645508
2026-06-18 03:45:00-05:00,17.190000534057617
2026-06-18 04:00:00-05:00,17.149999618530273
2026-06-18 04:15:00-05:00,17.09000015258789
2026-06-18 04:30:00-05:00,17.059999465942383
2026-06-18 04:45:00-05:00,17.010000228881836
2026-06-18 05:00:00-05:00,17.030000686645508
2026-06-18 05:15:00-05:00,17.059999465942383
2026-06-18 05:30:00-05:00,17.170000076293945
2026-06-18 05:45:00-05:00,17.200000762939453
2026-06-18 06:00:00-05:00,17.329999923706055
2026-06-18 06:15:00-05:00,17.389999389648438
2026-06-18 06:30:00-05:00,17.520000457763672
2026-06-18 06:45:00-05:00,17.43000030517578
2026-06-18 07:00:00-05:00,17.360000610351562
2026-06-18 07:15:00-05:00,17.15999984741211
2026-06-18 07:30:00-05:00,17.1299991607666
2026-06-18 07:45:00-05:00,17.0
2026-06-18 08:00:00-05:00,17.010000228881836
2026-06-18 08:15:00-05:00,16.979999542236328
2026-06-18 08:30:00-05:00,17.280000686645508
2026-06-18 08:45:00-05:00,17.280000686645508
2026-06-18 09:00:00-05:00,17.329999923706055
2026-06-18 09:15:00-05:00,17.25
2026-06-18 09:30:00-05:00,17.1299991607666
2026-06-18 09:45:00-05:00,16.950000762939453
2026-06-18 10:00:00-05:00,17.010000228881836
2026-06-18 10:15:00-05:00,17.139999389648438
2026-06-18 10:30:00-05:00,17.139999389648438
2026-06-18 10:45:00-05:00,16.93000030517578
2026-06-18 11:00:00-05:00,16.959999084472656
2026-06-18 11:15:00-05:00,16.809999465942383
2026-06-18 11:30:00-05:00,16.65999984741211
2026-06-18 11:45:00-05:00,16.780000686645508
2026-06-18 12:00:00-05:00,16.610000610351562
2026-06-18 12:15:00-05:00,16.700000762939453
2026-06-18 12:30:00-05:00,16.670000076293945
2026-06-18 12:45:00-05:00,16.739999771118164
2026-06-18 13:00:00-05:00,16.739999771118164
2026-06-18 13:15:00-05:00,16.760000228881836
2026-06-18 13:30:00-05:00,16.799999237060547
2026-06-18 13:45:00-05:00,16.719999313354492
2026-06-18 14:00:00-05:00,16.920000076293945
2026-06-18 14:15:00-05:00,16.799999237060547
2026-06-18 14:30:00-05:00,16.5
2026-06-18 14:45:00-05:00,16.450000762939453
2026-06-18 15:00:00-05:00,16.399999618530273
2026-06-19 02:15:00-05:00,16.989999771118164
2026-06-19 02:30:00-05:00,16.940000534057617
2026-06-19 02:45:00-05:00,16.889999389648438
2026-06-19 03:00:00-05:00,16.889999389648438
2026-06-19 03:15:00-05:00,16.860000610351562
2026-06-19 03:30:00-05:00,16.84000015258789
2026-06-19 03:45:00-05:00,16.850000381469727
2026-06-19 04:00:00-05:00,16.8799991607666
2026-06-19 04:15:00-05:00,16.899999618530273
2026-06-19 04:30:00-05:00,16.860000610351562
2026-06-19 04:45:00-05:00,16.899999618530273
2026-06-19 05:00:00-05:00,16.940000534057617
2026-06-19 05:15:00-05:00,17.1200008392334
2026-06-19 05:30:00-05:00,17.219999313354492
2026-06-19 05:45:00-05:00,17.18000030517578
2026-06-19 06:00:00-05:00,17.170000076293945
2026-06-19 06:15:00-05:00,17.18000030517578
2026-06-19 06:30:00-05:00,17.100000381469727
2026-06-19 06:45:00-05:00,17.1299991607666
2026-06-19 07:00:00-05:00,17.1299991607666
2026-06-19 07:15:00-05:00,17.15999984741211
2026-06-19 07:30:00-05:00,17.209999084472656
2026-06-19 07:45:00-05:00,16.850000381469727
2026-06-19 08:00:00-05:00,16.860000610351562
2026-06-19 08:15:00-05:00,16.8799991607666
2026-06-19 08:30:00-05:00,16.860000610351562
2026-06-19 08:45:00-05:00,16.829999923706055
2026-06-19 09:00:00-05:00,16.860000610351562
2026-06-19 09:15:00-05:00,16.84000015258789
2026-06-19 09:30:00-05:00,16.790000915527344
2026-06-19 09:45:00-05:00,16.780000686645508
2026-06-19 10:00:00-05:00,16.729999542236328
2026-06-19 10:15:00-05:00,16.780000686645508
2026-06-19 10:30:00-05:00,16.780000686645508
2026-06-22 02:15:00-05:00,17.440000534057617
2026-06-22 02:30:00-05:00,17.5
2026-06-22 02:45:00-05:00,17.510000228881836
2026-06-22 03:00:00-05:00,17.6200008392334
2026-06-22 03:15:00-05:00,17.639999389648438
2026-06-22 03:30:00-05:00,17.579999923706055
2026-06-22 03:45:00-05:00,17.510000228881836
2026-06-22 04:00:00-05:00,17.450000762939453
2026-06-22 04:15:00-05:00,17.479999542236328
2026-06-22 04:30:00-05:00,17.530000686645508
2026-06-22 04:45:00-05:00,17.520000457763672
2026-06-22 05:00:00-05:00,17.389999389648438
2026-06-22 05:15:00-05:00,17.399999618530273
2026-06-22 05:30:00-05:00,17.440000534057617
2026-06-22 05:45:00-05:00,17.450000762939453
2026-06-22 06:00:00-05:00,17.350000381469727
2026-06-22 06:15:00-05:00,17.3700008392334
2026-06-22 06:30:00-05:00,17.309999465942383
2026-06-22 06:45:00-05:00,17.290000915527344
2026-06-22 07:00:00-05:00,17.190000534057617
2026-06-22 07:15:00-05:00,17.110000610351562
2026-06-22 07:30:00-05:00,17.059999465942383
2026-06-22 07:45:00-05:00,17.06999969482422
2026-06-22 08:00:00-05:00,16.860000610351562
2026-06-22 08:15:00-05:00,16.799999237060547
2026-06-22 08:30:00-05:00,16.829999923706055
2026-06-22 08:45:00-05:00,16.489999771118164
2026-06-22 09:00:00-05:00,16.610000610351562
2026-06-22 09:15:00-05:00,17.100000381469727
2026-06-22 09:30:00-05:00,17.579999923706055
2026-06-22 09:45:00-05:00,17.610000610351562
2026-06-22 10:00:00-05:00,17.600000381469727
2026-06-22 10:15:00-05:00,17.610000610351562
2026-06-22 10:30:00-05:00,17.270000457763672
2026-06-22 10:45:00-05:00,17.540000915527344
2026-06-22 11:00:00-05:00,17.440000534057617
2026-06-22 11:15:00-05:00,17.360000610351562
2026-06-22 11:30:00-05:00,17.3799991607666
2026-06-22 11:45:00-05:00,17.219999313354492
2026-06-22 12:00:00-05:00,17.329999923706055
2026-06-22 12:15:00-05:00,17.229999542236328
2026-06-22 12:30:00-05:00,17.329999923706055
2026-06-22 12:45:00-05:00,17.219999313354492
2026-06-22 13:00:00-05:00,17.170000076293945
2026-06-22 13:15:00-05:00,17.200000762939453
2026-06-22 13:30:00-05:00,17.280000686645508
2026-06-22 13:45:00-05:00,17.479999542236328
2026-06-22 14:00:00-05:00,17.479999542236328
2026-06-22 14:15:00-05:00,17.530000686645508
2026-06-22 14:30:00-05:00,17.559999465942383
2026-06-22 14:45:00-05:00,17.3700008392334
2026-06-22 15:00:00-05:00,17.280000686645508
2026-06-23 02:15:00-05:00,19.950000762939453
2026-06-23 02:30:00-05:00,19.959999084472656
2026-06-23 02:45:00-05:00,20.329999923706055
2026-06-23 03:00:00-05:00,20.25
2026-06-23 03:15:00-05:00,20.440000534057617
2026-06-23 03:30:00-05:00,20.09000015258789
2026-06-23 03:45:00-05:00,20.200000762939453
2026-06-23 04:00:00-05:00,19.979999542236328
2026-06-23 04:15:00-05:00,19.760000228881836
2026-06-23 04:30:00-05:00,19.829999923706055
2026-06-23 04:45:00-05:00,19.75
2026-06-23 05:00:00-05:00,19.75
2026-06-23 05:15:00-05:00,19.75
2026-06-23 05:30:00-05:00,20.030000686645508
2026-06-23 05:45:00-05:00,19.90999984741211
2026-06-23 06:00:00-05:00,19.790000915527344
2026-06-23 06:15:00-05:00,19.809999465942383
2026-06-23 06:30:00-05:00,19.6200008392334
2026-06-23 06:45:00-05:00,19.520000457763672
2026-06-23 07:00:00-05:00,19.600000381469727
2026-06-23 07:15:00-05:00,19.969999313354492
2026-06-23 07:30:00-05:00,20.1299991607666
2026-06-23 07:45:00-05:00,20.18000030517578
2026-06-23 08:00:00-05:00,20.110000610351562
2026-06-23 08:15:00-05:00,20.209999084472656
2026-06-23 08:30:00-05:00,19.75
2026-06-23 08:45:00-05:00,19.520000457763672
2026-06-23 09:00:00-05:00,19.1299991607666
2026-06-23 09:15:00-05:00,19.170000076293945
2026-06-23 09:30:00-05:00,19.280000686645508
2026-06-23 09:45:00-05:00,19.350000381469727
2026-06-23 10:00:00-05:00,19.450000762939453
2026-06-23 10:15:00-05:00,19.729999542236328
2026-06-23 10:30:00-05:00,19.6299991607666
2026-06-23 10:45:00-05:00,19.440000534057617
2026-06-23 11:00:00-05:00,18.969999313354492
2026-06-23 11:15:00-05:00,19.0
2026-06-23 11:30:00-05:00,18.799999237060547
2026-06-23 11:45:00-05:00,18.829999923706055
2026-06-23 12:00:00-05:00,18.84000015258789
2026-06-23 12:15:00-05:00,18.729999542236328
2026-06-23 12:30:00-05:00,18.729999542236328
2026-06-23 12:45:00-05:00,19.010000228881836
2026-06-23 13:00:00-05:00,19.06999969482422
2026-06-23 13:15:00-05:00,19.149999618530273
2026-06-23 13:30:00-05:00,19.579999923706055
2026-06-23 13:45:00-05:00,19.549999237060547
2026-06-23 14:00:00-05:00,19.520000457763672
2026-06-23 14:15:00-05:00,19.3700008392334
2026-06-23 14:30:00-05:00,19.5
2026-06-23 14:45:00-05:00,19.5
2026-06-23 15:00:00-05:00,19.479999542236328
