Date,Open,High,Low,Close,Volume,VIX,IV
2025-06-20 00:00:00-04:00,591.8224395288368,592.8906208578056,586.3629131433069,587.7673950195312,94051400,18.0,0.18
2025-06-23 00:00:00-04:00,588.5189525073708,593.9586781700418,585.403509483969,593.572998046875,87426000,20.6200008392334,0.206200008392334
2025-06-24 00:00:00-04:00,597.7072691809916,601.1886530620405,596.7973078378046,600.1304321289062,67735300,19.829999923706055,0.19829999923706054
2025-06-25 00:00:00-04:00,601.247995602986,601.940336500435,598.903972841808,600.4666748046875,62114800,17.479999542236328,0.17479999542236327
2025-06-26 00:00:00-04:00,602.3161684365299,605.5997923429508,601.7029677445283,605.1646118164062,78548400,16.760000228881836,0.16760000228881836
2025-06-27 00:00:00-04:00,606.1635425121184,609.6350865938839,604.1360202356653,608.1712646484375,86258400,16.59000015258789,0.16590000152587892
2025-06-30 00:00:00-04:00,610.6142811588834,612.4340832221852,608.2998981128763,611.0791015625,92502500,16.31999969482422,0.1631999969482422
2025-07-01 00:00:00-04:00,609.6053849111585,612.0483479268365,608.7746241554748,610.8812866210938,70030100,16.729999542236328,0.1672999954223633
2025-07-02 00:00:00-04:00,610.4757300098587,613.6901136433279,609.8526292762224,613.6505737304688,66510400,16.829999923706055,0.16829999923706054
2025-07-03 00:00:00-04:00,615.628656191773,619.4167005776212,615.6088560521965,618.4869995117188,51065800,16.639999389648438,0.16639999389648438
2025-07-07 00:00:00-04:00,616.5286747873084,617.1913758193931,611.0988485499288,613.8780517578125,74814500,16.3799991607666,0.163799991607666
2025-07-08 00:00:00-04:00,614.5406899285775,615.2923708557059,612.7307881009865,613.5418090820312,59024600,17.790000915527344,0.17790000915527343
2025-07-09 00:00:00-04:00,615.945166968477,617.8737488887257,614.1055045789822,617.2210083007812,66113300,16.809999465942383,0.16809999465942382
2025-07-10 00:00:00-04:00,617.3595500232223,620.000273214104,616.1825885407072,618.9617919921875,57529000,15.9399995803833,0.15939999580383302
2025-07-11 00:00:00-04:00,615.9154056597896,618.0121678287132,614.7187046395575,616.7857666015625,63670200,15.779999732971191,0.15779999732971192
2025-07-14 00:00:00-04:00,616.3308265898004,618.3089087938923,614.9857451789246,617.9627685546875,51898500,16.399999618530273,0.16399999618530273
2025-07-15 00:00:00-04:00,620.6431287961128,620.9793689858044,615.242942324076,615.3220825195312,74317300,17.200000762939453,0.17200000762939452
2025-07-16 00:00:00-04:00,616.9045519994012,617.883693134462,611.2769051241828,617.3792724609375,88987500,17.3799991607666,0.17379999160766602
2025-07-17 00:00:00-04:00,617.557284919235,621.5134493059918,617.3396644874989,621.1573486328125,68885700,17.15999984741211,0.1715999984741211
2025-07-18 00:00:00-04:00,622.4036365954075,622.5717567026577,619.5947932954602,620.7025146484375,65621600,16.520000457763672,0.16520000457763673
2025-07-21 00:00:00-04:00,621.87939453125,624.6189973413707,621.4541141003111,621.87939453125,63375000,16.40999984741211,0.1640999984741211
2025-07-22 00:00:00-04:00,622.2058050575365,622.828905853138,619.3277216791315,621.9684448242188,60046300,16.649999618530273,0.16649999618530273
2025-07-23 00:00:00-04:00,624.6288217656338,627.2597045898438,622.8287599296668,627.2597045898438,70511000,16.5,0.165
2025-07-24 00:00:00-04:00,627.6454884244192,629.1785504969665,627.0421878119985,627.4674682617188,71307100,15.369999885559082,0.15369999885559082
2025-07-25 00:00:00-04:00,628.1301809903662,630.5928838363332,627.8829206987424,630.1181030273438,56865400,15.390000343322754,0.15390000343322754
2025-07-28 00:00:00-04:00,630.4938993278172,631.0477599275997,628.5751571845921,629.9598388671875,54917100,14.930000305175781,0.1493000030517578
2025-07-29 00:00:00-04:00,631.3543820995848,631.6708825055948,627.3883778702398,628.2982788085938,60556300,15.029999732971191,0.15029999732971192
2025-07-30 00:00:00-04:00,628.9509803708415,630.6917023127537,624.6189756546709,627.5070190429688,80418900,15.979999542236328,0.15979999542236328
2025-07-31 00:00:00-04:00,632.4522656090571,632.8379457731452,623.8574957354674,625.1531372070312,103385200,15.479999542236328,0.15479999542236328
2025-08-01 00:00:00-04:00,619.4364414435403,619.476041722763,612.5032535330552,614.9066162109375,140103600,16.719999313354492,0.16719999313354492
2025-08-04 00:00:00-04:00,618.813325728958,624.3024917393647,618.7243458354196,624.2530517578125,73218000,20.3799991607666,0.20379999160766601
2025-08-05 00:00:00-04:00,624.8662177521945,625.6772386500149,620.168272806011,621.0880737304688,68051400,17.520000457763672,0.1752000045776367
2025-08-06 00:00:00-04:00,622.1563552914652,626.4982606508958,621.2464542892866,625.8455200195312,64357500,17.850000381469727,0.17850000381469727
2025-08-07 00:00:00-04:00,629.2674923107387,629.9993730574174,622.2156245224251,625.3212280273438,74205800,16.770000457763672,0.16770000457763673
2025-08-08 00:00:00-04:00,627.1114011688534,630.6620853000642,626.7949007710238,630.1972045898438,64051600,16.56999969482422,0.1656999969482422
2025-08-11 00:00:00-04:00,630.474150672182,631.9478122276477,627.7047873460086,628.9509887695312,58742300,15.149999618530273,0.15149999618530274
2025-08-12 00:00:00-04:00,631.2949848204768,635.8050095563038,629.8114232578196,635.6467895507812,64730800,16.25,0.1625
2025-08-13 00:00:00-04:00,637.8424936799373,639.10849531226,635.6369512596368,637.82275390625,60092800,14.729999542236328,0.14729999542236327
2025-08-14 00:00:00-04:00,635.7457174616427,638.5447207235369,635.300697252298,637.882080078125,59327500,14.489999771118164,0.14489999771118164
2025-08-15 00:00:00-04:00,638.9106535836406,639.0095939138803,635.4787099260534,636.3886108398438,68592500,14.829999923706055,0.14829999923706055
2025-08-18 00:00:00-04:00,635.8150025688236,636.9425240091701,635.1424618060598,636.2501831054688,43804900,15.09000015258789,0.1509000015258789
2025-08-19 00:00:00-04:00,636.0721245937336,637.0512656505922,631.4829592777961,632.7984008789062,69750700,14.989999771118164,0.14989999771118165
2025-08-20 00:00:00-04:00,632.3929060531275,632.6500060324975,626.013578858981,631.1170043945312,88890300,15.569999694824219,0.1556999969482422
2025-08-21 00:00:00-04:00,629.3071240874224,630.9785456585483,626.864161086776,628.5850830078125,54805800,15.6899995803833,0.15689999580383301
2025-08-22 00:00:00-04:00,630.7709103705197,639.4151205943501,630.2664897119097,638.2381591796875,84083200,16.600000381469727,0.16600000381469726
2025-08-25 00:00:00-04:00,636.9820621561176,638.218363635622,635.3105801411765,635.4292602539062,51274300,14.220000267028809,0.1422000026702881
2025-08-26 00:00:00-04:00,635.1621986940528,638.4359222802034,634.5390979794016,638.0897216796875,51581600,14.789999961853027,0.1478999996185303
2025-08-27 00:00:00-04:00,637.5062179210042,640.2755208793137,637.3578376120881,639.5436401367188,48341100,14.619999885559082,0.14619999885559082
2025-08-28 00:00:00-04:00,640.146950913372,642.3623933153343,638.267809046051,641.8085327148438,61519500,14.850000381469727,0.14850000381469727
2025-08-29 00:00:00-04:00,640.374419619015,640.7404203673219,636.0919150690585,637.98095703125,74522200,14.430000305175781,0.1443000030517578
2025-09-02 00:00:00-04:00,630.5136938017484,633.4709169972102,627.9619508913343,633.2533569335938,81983500,15.359999656677246,0.15359999656677245
2025-09-03 00:00:00-04:00,635.6270215222661,637.1501834379544,633.4412793439511,636.685302734375,70820900,17.170000076293945,0.17170000076293945
2025-09-04 00:00:00-04:00,637.3579030521721,642.0361089027498,636.4579021356687,642.0064086914062,65219200,16.350000381469727,0.16350000381469726
2025-09-05 00:00:00-04:00,644.3404973975818,645.0625384730564,636.2798483910566,640.14697265625,85178900,15.300000190734863,0.15300000190734864
2025-09-08 00:00:00-04:00,641.5118230975241,642.718484610511,640.1370415028089,641.7195434570312,63133100,15.180000305175781,0.1518000030517578
2025-09-09 00:00:00-04:00,641.8580441132016,643.7273464852004,640.1272219983028,643.2031860351562,66133900,15.109999656677246,0.15109999656677245
2025-09-10 00:00:00-04:00,646.4570213518696,647.3768223058731,643.4997982019892,645.0625,78034500,15.039999961853027,0.15039999961853026
2025-09-11 00:00:00-04:00,647.0108918753651,651.115436538164,646.4273914384058,650.423095703125,69934400,15.350000381469727,0.15350000381469728
2025-09-12 00:00:00-04:00,650.3934866540098,651.8869485652141,649.701206088218,650.20556640625,72780100,14.710000038146973,0.14710000038146973
2025-09-15 00:00:00-04:00,652.4110731340584,653.7956944276398,652.114372883025,653.6671142578125,63772400,14.760000228881836,0.14760000228881837
2025-09-16 00:00:00-04:00,654.2210123755038,654.5276730798186,651.9858301119879,652.7671508789062,61169000,15.6899995803833,0.15689999580383301
2025-09-17 00:00:00-04:00,652.7770367516476,654.4682584259048,647.1295902463727,651.9561157226562,101952200,16.360000610351562,0.16360000610351563
2025-09-18 00:00:00-04:00,654.6363789857319,657.6035020628194,653.0341373534065,655.0023193359375,90459200,15.720000267028809,0.15720000267028808
2025-09-19 00:00:00-04:00,656.8877828567474,659.0895125014193,654.9438659954435,658.2465209960938,97945600,15.699999809265137,0.15699999809265136
2025-09-22 00:00:00-04:00,656.7588293222589,661.8069717744121,656.7290467709187,661.3607177734375,69452200,15.449999809265137,0.15449999809265136
2025-09-23 00:00:00-04:00,661.2416672722171,661.856628548307,656.5406245808955,657.7605590820312,81708900,16.100000381469727,0.16100000381469726
2025-09-24 00:00:00-04:00,659.0498612769777,659.1490153831234,654.2496039734066,655.6678466796875,68082200,16.639999389648438,0.16639999389648438
2025-09-25 00:00:00-04:00,652.5338627083877,653.9917550046746,649.0328388399253,652.6429443359375,89622100,16.18000030517578,0.16180000305175782
2025-09-26 00:00:00-04:00,654.0908804383538,656.9273655696547,652.4742691464395,656.3818969726562,69179200,16.739999771118164,0.16739999771118164
2025-09-29 00:00:00-04:00,658.9010899003678,659.8135740530697,656.4216318338509,658.2266845703125,73499000,15.289999961853027,0.15289999961853026
2025-09-30 00:00:00-04:00,657.4827596300943,661.1722242194463,656.173598681204,660.7060546875,86288000,16.1200008392334,0.16120000839233398
2025-10-01 00:00:00-04:00,657.7208144097488,663.8698820443607,657.6117327913598,662.9574584960938,72545400,16.280000686645508,0.16280000686645507
2025-10-02 00:00:00-04:00,664.9410037342527,665.0600128657511,661.3011766397112,663.7210693359375,56896000,16.290000915527344,0.16290000915527345
2025-10-03 00:00:00-04:00,664.4848631838105,667.1527626006609,662.6698828508305,663.7113037109375,70494400,16.6299991607666,0.166299991607666
2025-10-06 00:00:00-04:00,666.1014192164715,666.9841207809839,663.9591941673339,666.0914916992188,54623300,16.649999618530273,0.16649999618530273
2025-10-07 00:00:00-04:00,667.0138910729768,667.4602056461605,662.1839114453724,663.6220092773438,72020100,16.3700008392334,0.16370000839233398
2025-10-08 00:00:00-04:00,664.7426772273783,667.6783772359653,663.919480237528,667.5791625976562,60702200,17.239999771118164,0.17239999771118164
2025-10-09 00:00:00-04:00,667.9957845708525,668.4023890582872,663.7112737749407,665.6452026367188,66501900,16.299999237060547,0.16299999237060547
2025-10-10 00:00:00-04:00,666.6071968358344,668.4122493878771,647.4757221413303,647.6542358398438,159422600,16.43000030517578,0.16430000305175782
2025-10-13 00:00:00-04:00,655.2216030747315,659.664772492732,654.3488290056752,657.5919189453125,79560500,21.65999984741211,0.2165999984741211
2025-10-14 00:00:00-04:00,651.7701536094826,660.3590300864076,647.8030207789583,656.78857421875,88779600,19.030000686645508,0.19030000686645507
2025-10-15 00:00:00-04:00,661.3408732132422,664.7228272522149,653.5156893256119,659.7044067382812,81702600,20.809999465942383,0.20809999465942383
2025-10-16 00:00:00-04:00,661.3408828539109,663.215367636124,651.7106461582608,655.211669921875,110563300,20.639999389648438,0.20639999389648436
2025-10-17 00:00:00-04:00,654.0810128478913,660.2895852935891,652.7322022395391,658.9308471679688,96500900,25.309999465942383,0.25309999465942384
2025-10-20 00:00:00-04:00,661.8367798071084,666.6866142382812,661.7872027532737,665.7840576171875,60493400,20.780000686645508,0.20780000686645508
2025-10-21 00:00:00-04:00,665.9229005771253,667.4601523988813,664.4748753427003,665.7741088867188,56249000,18.229999542236328,0.18229999542236328
2025-10-22 00:00:00-04:00,666.4782452803545,666.4782452803545,657.8497201766941,662.312744140625,80564000,17.8700008392334,0.178700008392334
2025-10-23 00:00:00-04:00,662.6301900162397,667.1825015615415,662.3128121266341,666.2402954101562,65604500,18.600000381469727,0.18600000381469728
2025-10-24 00:00:00-04:00,670.9016937183009,672.8951271271609,670.0983517375236,671.6851806640625,74356500,17.299999237060547,0.17299999237060548
2025-10-27 00:00:00-04:00,677.1201116013259,679.9070199177999,676.5151383891614,679.6094970703125,63339800,16.3700008392334,0.16370000839233398
2025-10-28 00:00:00-04:00,681.4046232640447,683.2493254549719,679.2028936555786,681.41455078125,61738100,15.789999961853027,0.15789999961853027
2025-10-29 00:00:00-04:00,683.0608492697363,684.0328379014793,677.2589421639235,681.7418212890625,85657100,16.420000076293945,0.16420000076293945
2025-10-30 00:00:00-04:00,678.2805836148408,680.3037996369978,674.2440185546875,674.2440185546875,76335800,16.920000076293945,0.16920000076293945
2025-10-31 00:00:00-04:00,679.4111832231399,679.4508932951077,673.6588524169174,676.4556884765625,87164100,16.90999984741211,0.1690999984741211
2025-11-03 00:00:00-05:00,680.0359699637585,680.1649066224819,674.3530715971103,677.7251586914062,57315000,17.440000534057617,0.17440000534057618
2025-11-04 00:00:00-05:00,670.5544968959969,674.3728983771498,669.0371001406891,669.691650390625,78427000,17.170000076293945,0.17170000076293945
2025-11-05 00:00:00-05:00,669.4337786331213,675.2654684624238,668.6304366940664,672.012451171875,74402400,19.0,0.19
2025-11-06 00:00:00-05:00,670.9116044462689,671.8141611273297,663.2252840482561,664.80224609375,85035300,18.010000228881836,0.18010000228881837
2025-11-07 00:00:00-05:00,662.4218719882706,665.5658682287408,655.7769731606511,665.4567260742188,100592400,19.5,0.195
2025-11-10 00:00:00-05:00,671.6751969912248,676.5746080726943,669.4833950163819,675.8406982421875,75842900,19.079999923706055,0.19079999923706054
2025-11-11 00:00:00-05:00,674.3630127379913,677.9532631527235,673.1530057317516,677.387939453125,58953400,17.600000381469727,0.17600000381469727
2025-11-12 00:00:00-05:00,679.1631581075335,679.3318048264125,675.3547447293747,677.7647705078125,62312500,17.280000686645508,0.17280000686645508
2025-11-13 00:00:00-05:00,674.9085136071693,675.265541055433,665.0105359672095,666.5180053710938,103457800,17.510000228881836,0.17510000228881836
2025-11-14 00:00:00-05:00,659.9126462553079,670.1081450818862,657.8199984349773,666.4088134765625,96846700,20.0,0.2
2025-11-17 00:00:00-05:00,664.1972328051172,668.1742931923078,656.7290761218832,660.2003173828125,90456100,19.829999923706055,0.19829999923706054
2025-11-18 00:00:00-05:00,656.6596108350068,659.6548153709225,650.4708935566339,654.65625,114467500,22.3799991607666,0.223799991607666
2025-11-19 00:00:00-05:00,655.3505280387882,661.856623370592,653.3371790986623,657.185302734375,94703000,24.690000534057617,0.24690000534057618
2025-11-20 00:00:00-05:00,667.3808213360044,670.0090710879778,646.5335791707308,647.1683349609375,165293500,23.65999984741211,0.23659999847412108
2025-11-21 00:00:00-05:00,649.6675301260088,659.0894699034471,645.5020288545189,653.6148681640625,123956200,26.420000076293945,0.2642000007629395
2025-11-24 00:00:00-05:00,657.2448196444445,664.5542570793402,656.1538823239337,663.2351684570312,80437900,23.43000030517578,0.2343000030517578
2025-11-25 00:00:00-05:00,663.1360016067486,670.6537351639657,659.0200771396823,669.4735107421875,81077100,20.520000457763672,0.2052000045776367
2025-11-26 00:00:00-05:00,672.0620713400136,676.0986363282427,671.1595147067713,674.09521484375,71879600,18.559999465942383,0.18559999465942384
2025-11-28 00:00:00-05:00,675.2654787466182,678.0523870500939,674.9084513312986,677.7747192382812,49212000,17.190000534057617,0.17190000534057617
2025-12-01 00:00:00-05:00,673.2323336611282,677.3779800628074,673.1629015749381,674.6803588867188,61201200,16.350000381469727,0.16350000381469726
2025-12-02 00:00:00-05:00,676.316742094939,678.2011542749951,673.748057660358,675.9299926757812,62953800,17.239999771118164,0.17239999771118164
2025-12-03 00:00:00-05:00,674.9779023816353,679.2822075879724,674.105128319461,678.2706298828125,57238500,16.59000015258789,0.16590000152587892
2025-12-04 00:00:00-05:00,679.6690366334618,679.7384687237238,675.7416137771377,678.7665405273438,61970300,16.079999923706055,0.16079999923706054
2025-12-05 00:00:00-05:00,679.8375623637357,682.7336127271673,678.9549213715281,680.0557861328125,79241000,15.779999732971191,0.15779999732971192
2025-12-08 00:00:00-05:00,680.9484564225444,680.9980334759979,675.9696853695019,678.0127563476562,55231500,15.40999984741211,0.1540999984741211
2025-12-09 00:00:00-05:00,677.5367544682442,679.7583392727543,676.9813582671167,677.4276123046875,58310100,16.65999984741211,0.1665999984741211
2025-12-10 00:00:00-05:00,676.951505843926,683.3088092137841,675.7117769038598,681.9203491210938,85671300,16.93000030517578,0.16930000305175782
2025-12-11 00:00:00-05:00,679.51034738166,683.5865617528303,676.5647198382891,683.5072021484375,86173700,15.770000457763672,0.15770000457763672
2025-12-12 00:00:00-05:00,682.5154459360199,683.2196338188487,673.5893968987631,676.1581420898438,113160300,14.850000381469727,0.14850000381469727
2025-12-15 00:00:00-05:00,680.1054404790556,680.1252955149479,673.6687768311533,675.1365966796875,90811000,15.739999771118164,0.15739999771118163
2025-12-16 00:00:00-05:00,673.6488975485244,675.4837328267965,669.4338188610296,673.2918701171875,122030600,16.5,0.165
2025-12-17 00:00:00-05:00,674.3034691132465,674.8489377460819,665.6848710067972,665.8832397460938,110625200,16.479999542236328,0.1647999954223633
2025-12-18 00:00:00-05:00,672.0322187932205,675.1464323222394,669.3544527925658,670.9114990234375,108650100,17.6200008392334,0.176200008392334
2025-12-19 00:00:00-05:00,673.0134542661981,677.4896664833268,672.8940327515619,676.9923095703125,103599500,16.8700008392334,0.16870000839233398
2025-12-22 00:00:00-05:00,680.3245290528953,681.7370055876305,676.9922622536055,681.2098388671875,69556700,14.90999984741211,0.1490999984741211
2025-12-23 00:00:00-05:00,680.3046207584179,684.562024812114,680.2548972126992,684.3233032226562,64840000,14.079999923706055,0.14079999923706055
2025-12-24 00:00:00-05:00,684.313382495532,687.1781631452748,684.164151137988,686.7305297851562,39445600,14.0,0.14
2025-12-26 00:00:00-05:00,686.989161229118,688.0037280321676,685.6264081645946,686.660888671875,41613300,13.470000267028809,0.1347000026702881
2025-12-29 00:00:00-05:00,683.9055083361335,685.5567672531378,682.4433081832867,684.2138671875,62559500,13.600000381469727,0.13600000381469726
2025-12-30 00:00:00-05:00,683.8159723723246,684.9200900521846,682.9505762759469,683.3782958984375,47160700,14.199999809265137,0.14199999809265137
2025-12-31 00:00:00-05:00,683.5076844111845,683.726492314561,678.1063955310838,678.3152465820312,74144800,14.329999923706055,0.14329999923706055
2026-01-02 00:00:00-05:00,682.0852055985325,683.2390468658663,676.2263268834449,679.55859375,89377200,14.949999809265137,0.14949999809265135
2026-01-05 00:00:00-05:00,682.910839643419,685.7855773037328,682.7517121374489,684.0845947265625,71927200,14.510000228881836,0.14510000228881836
2026-01-06 00:00:00-05:00,684.2934596862484,688.6602678554459,684.1442890432024,688.1529541015625,69273800,14.899999618530273,0.14899999618530274
2026-01-07 00:00:00-05:00,688.5309418430683,690.2916046822218,685.6761181181482,685.9347534179688,75588300,14.75,0.1475
2026-01-08 00:00:00-05:00,685.1787573638412,686.9692300361542,683.8557710289468,685.8651123046875,64019200,15.380000114440918,0.15380000114440917
2026-01-09 00:00:00-05:00,686.9791831428475,691.6344363504869,685.5368360184962,690.4010009765625,80125500,15.449999809265137,0.15449999809265136
2026-01-12 00:00:00-05:00,687.0289310253164,692.410366767912,686.979207477028,691.4852294921875,63976000,14.489999771118164,0.14489999771118164
2026-01-13 00:00:00-05:00,691.813478661017,692.4103433578374,687.6953490317495,690.1026000976562,78309700,15.119999885559082,0.15119999885559082
2026-01-14 00:00:00-05:00,687.347202661372,688.0633674208381,682.4134005947378,686.7105712890625,94676700,15.979999542236328,0.15979999542236328
2026-01-15 00:00:00-05:00,690.8983886882239,691.7737417111902,687.5959315038539,688.5806884765625,77862000,16.75,0.1675
2026-01-16 00:00:00-05:00,689.9931507530615,690.5800586110835,686.4519720383781,688.0037231445312,79289200,15.84000015258789,0.1584000015258789
2026-01-20 00:00:00-05:00,677.8874730475171,681.1501633341576,672.9934983300664,673.9981689453125,111623300,15.859999656677246,0.15859999656677246
2026-01-21 00:00:00-05:00,676.0572511802958,685.0991655259935,674.5452667925615,681.77685546875,127844500,20.09000015258789,0.20090000152587892
2026-01-22 00:00:00-05:00,686.2033478813381,687.476610793547,683.2888434897402,685.3379516601562,77112200,16.899999618530273,0.16899999618530273
2026-01-23 00:00:00-05:00,684.5123006998919,687.3074439470811,683.5274830754288,685.5865478515625,63059600,15.640000343322754,0.15640000343322755
2026-01-26 00:00:00-05:00,686.8399658941375,690.4607389282814,686.2729717064406,689.068115234375,60473800,16.09000015258789,0.1609000015258789
2026-01-27 00:00:00-05:00,690.5104039402848,692.8480177488461,689.9036431059924,691.8134765625,55506100,16.149999618530273,0.16149999618530272
2026-01-28 00:00:00-05:00,693.3652237572153,694.1510864943795,690.271678492269,691.7438354492188,61172200,16.350000381469727,0.16350000381469726
2026-01-29 00:00:00-05:00,692.7087686795362,693.375209936545,681.2098793986574,690.3711547851562,97486200,16.350000381469727,0.16350000381469726
2026-01-30 00:00:00-05:00,688.1330925763239,690.540343876794,683.4877957603626,688.3121337890625,101835100,16.8799991607666,0.168799991607666
2026-02-02 00:00:00-05:00,685.9347490634862,693.2458711004026,685.7755608588325,691.73388671875,79286500,17.440000534057617,0.17440000534057618
2026-02-03 00:00:00-05:00,692.529690413304,693.2757257351432,680.4140840721383,685.885009765625,107904600,16.34000015258789,0.1634000015258789
2026-02-04 00:00:00-05:00,686.7006659106327,687.7948875474046,678.1561081391175,682.5626831054688,105204600,18.0,0.18
2026-02-05 00:00:00-05:00,677.3404209861714,680.0758839506523,672.2176206040476,674.0379638671875,113610800,18.639999389648438,0.18639999389648437
2026-02-06 00:00:00-05:00,677.8576866055596,688.6503070282812,677.2508650473027,686.96923828125,89127600,21.770000457763672,0.21770000457763672
2026-02-09 00:00:00-05:00,685.7755337993461,692.1914496038428,684.7012866666231,690.2816162109375,73885200,20.3700008392334,0.203700008392334
2026-02-10 00:00:00-05:00,691.276360737094,692.8579216647231,688.0037135108784,688.4613037109375,65185700,17.360000610351562,0.17360000610351561
2026-02-11 00:00:00-05:00,692.7087599208829,693.4547952732178,685.5368515439336,688.3021850585938,76353900,17.790000915527344,0.17790000915527343
2026-02-12 00:00:00-05:00,690.5701102294341,691.6742279947084,676.7734344520502,677.668701171875,118829000,17.649999618530273,0.17649999618530274
2026-02-13 00:00:00-05:00,678.0864377658819,682.6522007204912,673.9384983110481,678.1461181640625,96267500,20.81999969482422,0.20819999694824218
2026-02-17 00:00:00-05:00,676.5446598627462,681.31927396984,672.2077222570326,679.2402954101562,81354700,20.600000381469727,0.20600000381469727
2026-02-18 00:00:00-05:00,680.4041503420104,685.507036973797,679.2204384959671,682.662109375,73570300,20.290000915527344,0.20290000915527343
2026-02-19 00:00:00-05:00,680.2251236342836,682.5527199680946,677.9471901363287,680.8616943359375,58649400,19.6200008392334,0.19620000839233398
2026-02-20 00:00:00-05:00,678.7131823752115,686.4122580979458,678.126274472082,685.7855834960938,100034000,20.229999542236328,0.2022999954223633
2026-02-23 00:00:00-05:00,684.1940214696967,686.3525334522094,676.7734345413753,678.7827758789062,90558100,19.09000015258789,0.1909000015258789
2026-02-24 00:00:00-05:00,678.295350173768,684.7112054782021,676.4053697086953,683.7164916992188,73798700,21.010000228881836,0.21010000228881837
2026-02-25 00:00:00-05:00,686.53156929616,690.0130676270821,686.4519751919497,689.4859008789062,56369500,19.549999237060547,0.19549999237060547
2026-02-26 00:00:00-05:00,689.615191050754,689.6350440416309,680.7323436648176,685.6561889648438,71671000,17.93000030517578,0.1793000030517578
2026-02-27 00:00:00-05:00,679.4790749097389,683.2291046432514,678.0367277603054,682.3637084960938,83308900,18.6299991607666,0.18629999160766603
2026-03-02 00:00:00-05:00,675.1122534180175,684.9797970984218,674.4358553343317,682.7516479492188,87477200,19.860000610351562,0.19860000610351564
2026-03-03 00:00:00-05:00,671.4915420947397,679.0016196644848,666.1200629162043,676.7337036132812,105003100,21.440000534057617,0.21440000534057618
2026-03-04 00:00:00-05:00,678.026802327329,683.4579617719511,676.027417786932,681.50830078125,79182200,23.56999969482422,0.23569999694824217
2026-03-05 00:00:00-05:00,678.4743840881955,681.9061587313661,672.0385544367263,677.7084350585938,106606500,21.149999618530273,0.21149999618530274
2026-03-06 00:00:00-05:00,669.8501461298736,672.5358853430707,666.2194774432897,668.8256225585938,100687000,23.75,0.2375
2026-03-09 00:00:00-04:00,662.8673051642795,676.3257505242918,658.888450195908,674.6845092773438,102667700,29.489999771118164,0.29489999771118164
2026-03-10 00:00:00-04:00,674.1374043547928,679.7476047325034,671.1930903760745,673.6002807617188,81505300,25.5,0.255
2026-03-11 00:00:00-04:00,673.9982140650914,676.4849986405864,669.7806371390539,672.7548217773438,68441700,24.93000030517578,0.2493000030517578
2026-03-12 00:00:00-04:00,667.6120785283837,668.0995392824933,662.3500644519811,662.5390625,108882200,24.229999542236328,0.24229999542236327
2026-03-13 00:00:00-04:00,665.7321452917186,668.7859240392634,657.863924887251,658.7890014648438,97200200,27.290000915527344,0.27290000915527346
2026-03-16 00:00:00-04:00,664.8468199428278,668.5173163233716,663.5934708305671,665.493408203125,82023100,27.190000534057617,0.2719000053405762
2026-03-17 00:00:00-04:00,668.8355969918504,670.8747480492216,666.1598145596139,667.2440185546875,87128000,23.510000228881836,0.23510000228881836
2026-03-18 00:00:00-04:00,664.8268919718373,666.1796881508768,657.6948111200146,657.9335327148438,82062600,22.3700008392334,0.22370000839233398
2026-03-19 00:00:00-04:00,653.497076818377,659.4753162945015,651.7066041735543,656.3121337890625,111272500,25.09000015258789,0.2509000015258789
2026-03-20 00:00:00-04:00,654.8230422006715,655.0025723674255,643.063298812559,646.9034423828125,163617500,24.059999465942383,0.24059999465942383
2026-03-23 00:00:00-04:00,656.3790129905765,660.9173090129275,652.2596206790361,653.6959228515625,134802700,26.780000686645508,0.26780000686645505
2026-03-24 00:00:00-04:00,649.6463809650626,655.3417305137531,648.2100787416998,651.5015869140625,96457500,26.149999618530273,0.26149999618530273
2026-03-25 00:00:00-04:00,656.9774239230809,659.1917509309695,652.5588148295345,655.1322021484375,90653800,26.950000762939453,0.2695000076293945
2026-03-26 00:00:00-04:00,650.3844333840033,653.1672421520028,643.1630473705688,643.432373046875,96494400,25.329999923706055,0.25329999923706054
2026-03-27 00:00:00-04:00,640.8489947137006,641.0085567819559,631.4831091918358,632.4606323242188,103649400,27.440000534057617,0.2744000053405762
2026-03-30 00:00:00-04:00,638.4651675144013,638.7245091624994,627.6630399662237,630.3460693359375,99275900,31.049999237060547,0.3104999923706055
2026-03-31 00:00:00-04:00,637.2981538716512,649.865752001465,636.3405988140365,648.6688842773438,152534100,30.610000610351562,0.3061000061035156
2026-04-01 00:00:00-04:00,652.219751792706,656.8278752918841,651.3220400966815,653.5562744140625,97841500,25.25,0.2525
2026-04-02 00:00:00-04:00,644.7589215344626,656.5086804928782,643.4522901873171,654.144775390625,68358700,24.540000915527344,0.24540000915527344
2026-04-06 00:00:00-04:00,654.1746977251443,658.0247645183308,653.8356054757206,657.23681640625,39105800,23.8700008392334,0.238700008392334
2026-04-07 00:00:00-04:00,654.9626585699763,657.9150134208243,649.386996170508,657.5260009765625,69980400,24.170000076293945,0.24170000076293946
2026-04-08 00:00:00-04:00,674.6519776493207,675.3402070755335,669.734652974974,674.27294921875,93606100,25.780000686645508,0.2578000068664551
2026-04-09 00:00:00-04:00,673.1059235004034,679.4096297331154,672.0386657215836,678.162841796875,57134400,21.040000915527344,0.21040000915527343
2026-04-10 00:00:00-04:00,679.5692561407437,680.2774536083281,676.7066358948267,677.7140502929688,42253500,19.489999771118164,0.19489999771118163
2026-04-13 00:00:00-04:00,675.669302461078,684.536473353906,674.8414790590384,684.3369750976562,54185800,19.229999542236328,0.19229999542236328
2026-04-14 00:00:00-04:00,685.9229138241225,692.7952238870419,685.8929616905456,692.675537109375,63480500,19.1200008392334,0.19120000839233398
2026-04-15 00:00:00-04:00,693.4734516118131,698.480571570673,692.4161778504387,698.1414184570312,58240400,18.360000610351562,0.18360000610351562
2026-04-16 00:00:00-04:00,699.2585607342904,700.9741726960574,696.7350934539525,699.8569946289062,49972400,18.170000076293945,0.18170000076293946
2026-04-17 00:00:00-04:00,704.3255249385737,710.5594650064761,703.9464965121796,708.3152465820312,70661900,17.940000534057617,0.17940000534057618
2026-04-20 00:00:00-04:00,706.9587079747221,708.0857482546458,704.3254772575062,706.8988037109375,43546800,17.479999542236328,0.17479999542236327
2026-04-21 00:00:00-04:00,708.4548936431559,709.4523240430285,700.8345107773317,702.2708129882812,58941400,18.8700008392334,0.18870000839233397
2026-04-22 00:00:00-04:00,707.3278031045794,709.6218808832724,706.4001392457644,709.3825073242188,42518500,19.5,0.195
2026-04-23 00:00:00-04:00,707.6768673789517,710.5295037064266,700.4754491270062,706.6295776367188,56174000,18.920000076293945,0.18920000076293944
2026-04-24 00:00:00-04:00,708.9236633096505,712.6340752101273,707.1881441382454,712.10546875,45182000,19.309999465942383,0.19309999465942382
2026-04-27 00:00:00-04:00,711.3374146094498,713.7911152864904,710.4696550399041,713.332275390625,33135900,18.709999084472656,0.18709999084472656
2026-04-28 00:00:00-04:00,709.9908768700561,711.0481506026886,707.4274735730012,709.8612060546875,43117400,18.020000457763672,0.1802000045776367
2026-04-29 00:00:00-04:00,709.1729992133655,710.3699278433978,706.5497524472755,709.7515258789062,41859200,17.829999923706055,0.17829999923706055
2026-04-30 00:00:00-04:00,712.7936806635566,717.9403946619685,708.6244289610544,716.8132934570312,67240900,18.809999465942383,0.18809999465942384
2026-05-01 00:00:00-04:00,719.3966516418469,723.0073446973263,718.6186267345964,718.7982177734375,43049800,16.889999389648438,0.16889999389648438
2026-05-04 00:00:00-04:00,718.2196821209096,720.2644021704073,713.152718877996,716.1649780273438,51950600,16.989999771118164,0.16989999771118164
2026-05-05 00:00:00-04:00,719.9153564929043,723.1769124909786,719.6360467603954,721.9102172851562,36933200,18.290000915527344,0.18290000915527344
2026-05-06 00:00:00-04:00,726.288861980811,732.7023927493656,725.9497697512824,731.9443359375,53288900,17.3799991607666,0.17379999160766602
2026-05-07 00:00:00-04:00,733.161188473549,734.238430329629,727.8748196364371,729.7001342773438,51724600,17.389999389648438,0.17389999389648436
2026-05-08 00:00:00-04:00,733.0415191543954,736.1834492768152,732.6824588199246,735.724609375,47227100,17.079999923706055,0.17079999923706055
2026-05-11 00:00:00-04:00,734.5576163199453,738.8864300819614,734.5576163199453,737.4002685546875,44024000,17.190000534057617,0.17190000534057617
2026-05-12 00:00:00-04:00,734.9964788307154,736.9414802248905,729.9494836014034,736.2831420898438,54185300,18.3799991607666,0.18379999160766602
2026-05-13 00:00:00-04:00,736.5723674930287,741.9983910774667,733.5800764180441,740.4025268554688,44200200,17.989999771118164,0.17989999771118165
2026-05-14 00:00:00-04:00,741.7391534739264,747.6040491923611,741.649357949993,746.2474975585938,45307600,17.8700008392334,0.178700008392334
2026-05-15 00:00:00-04:00,739.8838927249178,741.5496453663399,736.0637780312098,737.2706298828125,60410800,17.260000228881836,0.17260000228881836
2026-05-18 00:00:00-04:00,737.9289136337939,739.5147938000424,731.5054597381557,736.751953125,47843900,18.43000030517578,0.1843000030517578
2026-05-19 00:00:00-04:00,732.8919551385734,735.7545755811656,729.650306265128,731.8446044921875,54255900,17.81999969482422,0.17819999694824218
2026-05-20 00:00:00-04:00,733.8195334397973,739.9636778498481,732.0042028263388,739.3452758789062,45768000,18.059999465942383,0.18059999465942383
2026-05-21 00:00:00-04:00,736.7419902854853,742.9559620700644,735.1361419849363,740.8114624023438,43332200,17.440000534057617,0.17440000534057618
2026-05-22 00:00:00-04:00,744.3224328967863,747.015507083493,742.566945697205,743.7239990234375,41762000,16.760000228881836,0.16760000228881836
2026-05-26 00:00:00-04:00,748.0827892360243,750.1973368284331,746.4469887578754,748.6613159179688,41123600,16.59000015258789,0.16590000152587892
2026-05-27 00:00:00-04:00,748.9505199197505,749.4492351039673,746.2973210478585,748.5316162109375,42106300,17.010000228881836,0.17010000228881836
2026-05-28 00:00:00-04:00,748.3221518516883,753.2095851254732,747.3047533704411,752.6609497070312,41562600,16.290000915527344,0.16290000915527345
2026-05-29 00:00:00-04:00,753.9576670103595,756.1320579864754,752.7507543048832,754.5361328125,55075700,15.739999771118164,0.15739999771118163
2026-06-01 00:00:00-04:00,753.4189990020213,758.3264003155792,752.7507376917755,756.5908203125,43634900,15.319999694824219,0.15319999694824218
2026-06-02 00:00:00-04:00,755.0847737682097,758.4461093852723,754.805464031348,757.6182250976562,31581900,16.049999237060547,0.16049999237060547
2026-06-03 00:00:00-04:00,756.2018667594974,756.8501599793441,751.6336185743088,752.3018798828125,51402500,15.770000457763672,0.15770000457763672
2026-06-04 00:00:00-04:00,750.1673635570705,756.3614281257201,749.5389775481502,755.1445922851562,49923000,16.059999465942383,0.16059999465942382
2026-06-05 00:00:00-04:00,750.3768677170906,750.8855669656407,733.6400171295905,735.65478515625,93989400,15.399999618530273,0.15399999618530275
2026-06-08 00:00:00-04:00,741.4498108327123,743.4247643242134,736.2931129658897,737.3204345703125,49319100,21.510000228881836,0.21510000228881837
2026-06-09 00:00:00-04:00,741.7191759970133,744.9807928982774,720.7332622187009,735.1560668945312,87683500,18.920000076293945,0.18920000076293944
2026-06-10 00:00:00-04:00,731.5054857614351,736.4826536495077,723.4661992814284,723.56591796875,60341300,19.8700008392334,0.19870000839233398
2026-06-11 00:00:00-04:00,726.8873842592473,738.0984921563339,722.5485255148498,735.8642578125,86330500,22.219999313354492,0.2221999931335449
2026-06-12 00:00:00-04:00,738.8066884479139,742.5270843334097,733.1412911200548,739.843994140625,57079500,19.440000534057617,0.19440000534057617
2026-06-15 00:00:00-04:00,749.9179969688896,754.7356026867302,749.8282623277308,752.890380859375,60176400,17.68000030517578,0.1768000030517578
2026-06-16 00:00:00-04:00,752.6111046530555,753.4988323298886,747.9531216783239,748.4019775390625,67093100,16.200000762939453,0.16200000762939454
2026-06-17 00:00:00-04:00,749.3594421826946,750.217278570044,737.3204502885575,739.0560302734375,85945200,16.40999984741211,0.1640999984741211
2026-06-18 00:00:00-04:00,747.760009765625,748.22998046875,743.8599853515625,746.739990234375,80875700,18.440000534057617,0.18440000534057618
